[2026-06-10 14:35:34] [INFO    ] [__main__] Loading configuration from 'configs/experiment.yaml'…
[2026-06-10 14:35:34] [INFO    ] [__main__] Configuration loaded successfully.
[2026-06-10 14:35:34] [WARNING ] [__main__] Data file 'data/sample.csv' not found. Generating a synthetic dummy dataset…
[2026-06-10 14:35:34] [INFO    ] [__main__] Generated dummy dataset at 'data\sample.csv' (300 rows).
[2026-06-10 14:35:34] [INFO    ] [__main__] ── Step 1/6: Loading data ──────────────────────────────────
[2026-06-10 14:35:34] [INFO    ] [src.data.loader] Loading data from 'data/sample.csv' (format: .csv)…
[2026-06-10 14:35:34] [INFO    ] [src.data.loader] Loaded 'sample.csv' — shape: (300, 5) | columns: {'feature_1': dtype('float64'), 'feature_2': dtype('float64'), 'feature_3': dtype('float64'), 'feature_4': dtype('float64'), 'target': dtype('int64')}
[2026-06-10 14:35:34] [INFO    ] [__main__] ── Step 2/6: Cleaning data ─────────────────────────────────
[2026-06-10 14:35:34] [INFO    ] [src.data.cleaner] drop_duplicates: removed 0 duplicate row(s).
[2026-06-10 14:35:34] [INFO    ] [src.data.cleaner] fix_dtypes: no object columns needed coercion.
[2026-06-10 14:35:34] [INFO    ] [src.data.cleaner] fill_nulls: no null values found — nothing to fill.
[2026-06-10 14:35:34] [INFO    ] [src.data.cleaner] Cleaning complete. Final shape: (300, 5)
[2026-06-10 14:35:34] [INFO    ] [__main__] ── Step 3/6: Splitting data ─────────────────────────────────
[2026-06-10 14:35:34] [INFO    ] [src.data.splitter] Split complete — train: 210 | val: 30 | test: 60
[2026-06-10 14:35:34] [INFO    ] [__main__] ── Step 4/6: Training model ─────────────────────────────────
[2026-06-10 14:35:34] [INFO    ] [src.models.trainer] Initialised model: LogisticRegression (params={})
[2026-06-10 14:35:34] [INFO    ] [src.models.trainer] Training LogisticRegression on 210 samples…
[2026-06-10 14:35:34] [INFO    ] [src.models.trainer] Training complete.
[2026-06-10 14:35:34] [INFO    ] [src.models.trainer] Model saved to 'outputs\model.joblib'.
[2026-06-10 14:35:34] [INFO    ] [__main__] ── Step 5/6: Evaluating model ───────────────────────────────
[2026-06-10 14:35:34] [INFO    ] [src.models.evaluator] Evaluation (classification): {'task': 'classification', 'accuracy': 0.516667, 'f1_weighted': 0.455129, 'precision_weighted': 0.477, 'recall_weighted': 0.516667, 'confusion_matrix': [[27, 6], [23, 4]]}
[2026-06-10 14:35:34] [INFO    ] [__main__] ── Step 6/6: Saving report ──────────────────────────────────
[2026-06-10 14:35:34] [INFO    ] [src.models.evaluator] Metrics report saved to 'outputs\report.json'.
[2026-06-10 14:36:13] [INFO    ] [__main__] Loading configuration from 'configs/experiment.yaml'…
[2026-06-10 14:36:13] [INFO    ] [__main__] Configuration loaded successfully.
[2026-06-10 14:36:13] [INFO    ] [__main__] -- Step 1/6: Loading data --
[2026-06-10 14:36:13] [INFO    ] [src.data.loader] Loading data from 'data/sample.csv' (format: .csv)…
[2026-06-10 14:36:13] [INFO    ] [src.data.loader] Loaded 'sample.csv' — shape: (300, 5) | columns: {'feature_1': dtype('float64'), 'feature_2': dtype('float64'), 'feature_3': dtype('float64'), 'feature_4': dtype('float64'), 'target': dtype('int64')}
[2026-06-10 14:36:13] [INFO    ] [__main__] -- Step 2/6: Cleaning data --
[2026-06-10 14:36:13] [INFO    ] [src.data.cleaner] drop_duplicates: removed 0 duplicate row(s).
[2026-06-10 14:36:13] [INFO    ] [src.data.cleaner] fix_dtypes: no object columns needed coercion.
[2026-06-10 14:36:13] [INFO    ] [src.data.cleaner] fill_nulls: no null values found — nothing to fill.
[2026-06-10 14:36:13] [INFO    ] [src.data.cleaner] Cleaning complete. Final shape: (300, 5)
[2026-06-10 14:36:13] [INFO    ] [__main__] -- Step 3/6: Splitting data --
[2026-06-10 14:36:13] [INFO    ] [src.data.splitter] Split complete — train: 210 | val: 30 | test: 60
[2026-06-10 14:36:13] [INFO    ] [__main__] -- Step 4/6: Training model --
[2026-06-10 14:36:13] [INFO    ] [src.models.trainer] Initialised model: LogisticRegression (params={})
[2026-06-10 14:36:13] [INFO    ] [src.models.trainer] Training LogisticRegression on 210 samples…
[2026-06-10 14:36:13] [INFO    ] [src.models.trainer] Training complete.
[2026-06-10 14:36:13] [INFO    ] [src.models.trainer] Model saved to 'outputs\model.joblib'.
[2026-06-10 14:36:13] [INFO    ] [__main__] -- Step 5/6: Evaluating model --
[2026-06-10 14:36:13] [INFO    ] [src.models.evaluator] Evaluation (classification): {'task': 'classification', 'accuracy': 0.516667, 'f1_weighted': 0.455129, 'precision_weighted': 0.477, 'recall_weighted': 0.516667, 'confusion_matrix': [[27, 6], [23, 4]]}
[2026-06-10 14:36:13] [INFO    ] [__main__] -- Step 6/6: Saving report --
[2026-06-10 14:36:13] [INFO    ] [src.models.evaluator] Metrics report saved to 'outputs\report.json'.
[2026-06-10 14:36:49] [INFO    ] [src.data.cleaner] fill_nulls (mean): filled 2 null(s) in numeric columns.
[2026-06-10 14:36:49] [INFO    ] [src.data.cleaner] Cleaning complete. Final shape: (3, 3)
[2026-06-10 14:36:49] [INFO    ] [src.data.cleaner] fill_nulls (median): filled 2 null(s) in numeric columns.
[2026-06-10 14:36:49] [INFO    ] [src.data.cleaner] Cleaning complete. Final shape: (3, 3)
[2026-06-10 14:36:49] [INFO    ] [src.data.cleaner] fill_nulls (mode): filled 2 null(s) across all columns.
[2026-06-10 14:36:49] [INFO    ] [src.data.cleaner] Cleaning complete. Final shape: (3, 3)
[2026-06-10 14:36:49] [INFO    ] [src.data.cleaner] fill_nulls (drop): dropped 2 row(s) containing nulls.
[2026-06-10 14:36:49] [INFO    ] [src.data.cleaner] Cleaning complete. Final shape: (1, 3)
[2026-06-10 14:36:49] [INFO    ] [src.data.cleaner] fill_nulls (mean): filled 1 null(s) in numeric columns.
[2026-06-10 14:36:49] [INFO    ] [src.data.cleaner] Cleaning complete. Final shape: (3, 2)
[2026-06-10 14:36:49] [INFO    ] [src.data.cleaner] drop_duplicates: removed 1 duplicate row(s).
[2026-06-10 14:36:49] [INFO    ] [src.data.cleaner] fill_nulls: no null values found — nothing to fill.
[2026-06-10 14:36:49] [INFO    ] [src.data.cleaner] Cleaning complete. Final shape: (2, 3)
[2026-06-10 14:36:49] [INFO    ] [src.data.cleaner] fill_nulls: no null values found — nothing to fill.
[2026-06-10 14:36:49] [INFO    ] [src.data.cleaner] Cleaning complete. Final shape: (3, 3)
[2026-06-10 14:36:49] [INFO    ] [src.data.cleaner] fix_dtypes: coerced columns to numeric: ['a'].
[2026-06-10 14:36:49] [INFO    ] [src.data.cleaner] fill_nulls: no null values found — nothing to fill.
[2026-06-10 14:36:49] [INFO    ] [src.data.cleaner] Cleaning complete. Final shape: (3, 2)
[2026-06-10 14:36:49] [INFO    ] [src.data.cleaner] fix_dtypes: no object columns needed coercion.
[2026-06-10 14:36:49] [INFO    ] [src.data.cleaner] fill_nulls: no null values found — nothing to fill.
[2026-06-10 14:36:49] [INFO    ] [src.data.cleaner] Cleaning complete. Final shape: (3, 2)
[2026-06-10 14:36:49] [INFO    ] [src.data.cleaner] drop_duplicates: removed 0 duplicate row(s).
[2026-06-10 14:36:49] [INFO    ] [src.data.cleaner] fix_dtypes: no object columns needed coercion.
[2026-06-10 14:36:49] [INFO    ] [src.data.cleaner] fill_nulls (mean): filled 2 null(s) in numeric columns.
[2026-06-10 14:36:49] [INFO    ] [src.data.cleaner] Cleaning complete. Final shape: (3, 3)
[2026-06-10 14:36:49] [INFO    ] [src.data.loader] Loading data from 'C:\Users\Asus\AppData\Local\Temp\pytest-of-Asus\pytest-0\test_load_csv_returns_datafram0\test.csv' (format: .csv)…
[2026-06-10 14:36:49] [INFO    ] [src.data.loader] Loaded 'test.csv' — shape: (3, 3) | columns: {'a': dtype('int64'), 'b': dtype('float64'), 'target': dtype('int64')}
[2026-06-10 14:36:49] [INFO    ] [src.data.loader] Loading data from 'C:\Users\Asus\AppData\Local\Temp\pytest-of-Asus\pytest-0\test_load_csv_column_names0\test.csv' (format: .csv)…
[2026-06-10 14:36:49] [INFO    ] [src.data.loader] Loaded 'test.csv' — shape: (3, 3) | columns: {'a': dtype('int64'), 'b': dtype('float64'), 'target': dtype('int64')}
[2026-06-10 14:36:49] [INFO    ] [src.data.loader] Loading data from 'C:\Users\Asus\AppData\Local\Temp\pytest-of-Asus\pytest-0\test_load_csv_values0\test.csv' (format: .csv)…
[2026-06-10 14:36:49] [INFO    ] [src.data.loader] Loaded 'test.csv' — shape: (3, 3) | columns: {'a': dtype('int64'), 'b': dtype('float64'), 'target': dtype('int64')}
[2026-06-10 14:36:49] [INFO    ] [src.data.loader] Loading data from 'C:\Users\Asus\AppData\Local\Temp\pytest-of-Asus\pytest-0\test_load_json_returns_datafra0\test.json' (format: .json)…
[2026-06-10 14:36:49] [INFO    ] [src.data.loader] Loaded 'test.json' — shape: (3, 3) | columns: {'a': dtype('int64'), 'b': dtype('int64'), 'target': dtype('int64')}
[2026-06-10 14:36:49] [INFO    ] [src.data.loader] Loading data from 'C:\Users\Asus\AppData\Local\Temp\pytest-of-Asus\pytest-0\test_load_json_columns0\test.json' (format: .json)…
[2026-06-10 14:36:49] [INFO    ] [src.data.loader] Loaded 'test.json' — shape: (3, 3) | columns: {'a': dtype('int64'), 'b': dtype('int64'), 'target': dtype('int64')}
[2026-06-10 14:36:49] [INFO    ] [src.data.splitter] Split complete — train: 70 | val: 10 | test: 20
[2026-06-10 14:36:49] [INFO    ] [src.data.splitter] Split complete — train: 70 | val: 10 | test: 20
[2026-06-10 14:36:49] [INFO    ] [src.data.splitter] Split complete — train: 70 | val: 10 | test: 20
[2026-06-10 14:36:49] [INFO    ] [src.data.splitter] Split complete — train: 70 | val: 10 | test: 20
[2026-06-10 14:36:49] [INFO    ] [src.data.splitter] Split complete — train: 70 | val: 10 | test: 20
[2026-06-10 14:36:49] [INFO    ] [src.data.splitter] Split complete — train: 70 | val: 10 | test: 20
[2026-06-10 14:36:49] [INFO    ] [src.data.splitter] Split complete — train: 70 | val: 10 | test: 20
[2026-06-10 14:36:49] [INFO    ] [src.data.splitter] Split complete — train: 70 | val: 10 | test: 20
[2026-06-10 14:36:49] [INFO    ] [src.data.splitter] Split complete — train: 70 | val: 10 | test: 20
[2026-06-10 17:49:12] [INFO    ] [src.data.cleaner] fill_nulls (mean): filled 2 null(s) in numeric columns.
[2026-06-10 17:49:12] [INFO    ] [src.data.cleaner] Cleaning complete. Final shape: (3, 3)
[2026-06-10 17:49:12] [INFO    ] [src.data.cleaner] fill_nulls (median): filled 2 null(s) in numeric columns.
[2026-06-10 17:49:12] [INFO    ] [src.data.cleaner] Cleaning complete. Final shape: (3, 3)
[2026-06-10 17:49:12] [INFO    ] [src.data.cleaner] fill_nulls (mode): filled 2 null(s) across all columns.
[2026-06-10 17:49:12] [INFO    ] [src.data.cleaner] Cleaning complete. Final shape: (3, 3)
[2026-06-10 17:49:12] [INFO    ] [src.data.cleaner] fill_nulls (drop): dropped 2 row(s) containing nulls.
[2026-06-10 17:49:12] [INFO    ] [src.data.cleaner] Cleaning complete. Final shape: (1, 3)
[2026-06-10 17:49:12] [INFO    ] [src.data.cleaner] fill_nulls (mean): filled 1 null(s) in numeric columns.
[2026-06-10 17:49:12] [INFO    ] [src.data.cleaner] Cleaning complete. Final shape: (3, 2)
[2026-06-10 17:49:12] [INFO    ] [src.data.cleaner] drop_duplicates: removed 1 duplicate row(s).
[2026-06-10 17:49:12] [INFO    ] [src.data.cleaner] fill_nulls: no null values found — nothing to fill.
[2026-06-10 17:49:12] [INFO    ] [src.data.cleaner] Cleaning complete. Final shape: (2, 3)
[2026-06-10 17:49:12] [INFO    ] [src.data.cleaner] fill_nulls: no null values found — nothing to fill.
[2026-06-10 17:49:12] [INFO    ] [src.data.cleaner] Cleaning complete. Final shape: (3, 3)
[2026-06-10 17:49:12] [INFO    ] [src.data.cleaner] fix_dtypes: coerced columns to numeric: ['a'].
[2026-06-10 17:49:12] [INFO    ] [src.data.cleaner] fill_nulls: no null values found — nothing to fill.
[2026-06-10 17:49:12] [INFO    ] [src.data.cleaner] Cleaning complete. Final shape: (3, 2)
[2026-06-10 17:49:12] [INFO    ] [src.data.cleaner] fix_dtypes: no object columns needed coercion.
[2026-06-10 17:49:12] [INFO    ] [src.data.cleaner] fill_nulls: no null values found — nothing to fill.
[2026-06-10 17:49:12] [INFO    ] [src.data.cleaner] Cleaning complete. Final shape: (3, 2)
[2026-06-10 17:49:12] [INFO    ] [src.data.cleaner] drop_duplicates: removed 0 duplicate row(s).
[2026-06-10 17:49:12] [INFO    ] [src.data.cleaner] fix_dtypes: no object columns needed coercion.
[2026-06-10 17:49:12] [INFO    ] [src.data.cleaner] fill_nulls (mean): filled 2 null(s) in numeric columns.
[2026-06-10 17:49:12] [INFO    ] [src.data.cleaner] Cleaning complete. Final shape: (3, 3)
[2026-06-10 17:49:12] [INFO    ] [src.data.loader] Loading data from 'C:\Users\Asus\AppData\Local\Temp\pytest-of-Asus\pytest-1\test_load_csv_returns_datafram0\test.csv' (format: .csv)…
[2026-06-10 17:49:12] [INFO    ] [src.data.loader] Loaded 'test.csv' — shape: (3, 3) | columns: {'a': dtype('int64'), 'b': dtype('float64'), 'target': dtype('int64')}
[2026-06-10 17:49:12] [INFO    ] [src.data.loader] Loading data from 'C:\Users\Asus\AppData\Local\Temp\pytest-of-Asus\pytest-1\test_load_csv_column_names0\test.csv' (format: .csv)…
[2026-06-10 17:49:12] [INFO    ] [src.data.loader] Loaded 'test.csv' — shape: (3, 3) | columns: {'a': dtype('int64'), 'b': dtype('float64'), 'target': dtype('int64')}
[2026-06-10 17:49:12] [INFO    ] [src.data.loader] Loading data from 'C:\Users\Asus\AppData\Local\Temp\pytest-of-Asus\pytest-1\test_load_csv_values0\test.csv' (format: .csv)…
[2026-06-10 17:49:12] [INFO    ] [src.data.loader] Loaded 'test.csv' — shape: (3, 3) | columns: {'a': dtype('int64'), 'b': dtype('float64'), 'target': dtype('int64')}
[2026-06-10 17:49:12] [INFO    ] [src.data.loader] Loading data from 'C:\Users\Asus\AppData\Local\Temp\pytest-of-Asus\pytest-1\test_load_json_returns_datafra0\test.json' (format: .json)…
[2026-06-10 17:49:12] [INFO    ] [src.data.loader] Loaded 'test.json' — shape: (3, 3) | columns: {'a': dtype('int64'), 'b': dtype('int64'), 'target': dtype('int64')}
[2026-06-10 17:49:12] [INFO    ] [src.data.loader] Loading data from 'C:\Users\Asus\AppData\Local\Temp\pytest-of-Asus\pytest-1\test_load_json_columns0\test.json' (format: .json)…
[2026-06-10 17:49:12] [INFO    ] [src.data.loader] Loaded 'test.json' — shape: (3, 3) | columns: {'a': dtype('int64'), 'b': dtype('int64'), 'target': dtype('int64')}
[2026-06-10 17:49:12] [INFO    ] [src.data.splitter] Split complete — train: 70 | val: 10 | test: 20
[2026-06-10 17:49:12] [INFO    ] [src.data.splitter] Split complete — train: 70 | val: 10 | test: 20
[2026-06-10 17:49:12] [INFO    ] [src.data.splitter] Split complete — train: 70 | val: 10 | test: 20
[2026-06-10 17:49:12] [INFO    ] [src.data.splitter] Split complete — train: 70 | val: 10 | test: 20
[2026-06-10 17:49:12] [INFO    ] [src.data.splitter] Split complete — train: 70 | val: 10 | test: 20
[2026-06-10 17:49:12] [INFO    ] [src.data.splitter] Split complete — train: 70 | val: 10 | test: 20
[2026-06-10 17:49:12] [INFO    ] [src.data.splitter] Split complete — train: 70 | val: 10 | test: 20
[2026-06-10 17:49:12] [INFO    ] [src.data.splitter] Split complete — train: 70 | val: 10 | test: 20
[2026-06-10 17:49:12] [INFO    ] [src.data.splitter] Split complete — train: 70 | val: 10 | test: 20
[2026-06-10 17:49:29] [INFO    ] [__main__] Loading configuration from 'configs/experiment.yaml'…
[2026-06-10 17:49:29] [INFO    ] [__main__] Configuration loaded successfully.
[2026-06-10 17:49:29] [INFO    ] [__main__] -- Step 1/6: Loading data --
[2026-06-10 17:49:29] [INFO    ] [src.data.loader] Loading data from 'data/sample.csv' (format: .csv)…
[2026-06-10 17:49:29] [INFO    ] [src.data.loader] Loaded 'sample.csv' — shape: (300, 5) | columns: {'feature_1': dtype('float64'), 'feature_2': dtype('float64'), 'feature_3': dtype('float64'), 'feature_4': dtype('float64'), 'target': dtype('int64')}
[2026-06-10 17:49:29] [INFO    ] [__main__] -- Step 2/6: Cleaning data --
[2026-06-10 17:49:29] [INFO    ] [src.data.cleaner] drop_duplicates: removed 0 duplicate row(s).
[2026-06-10 17:49:29] [INFO    ] [src.data.cleaner] fix_dtypes: no object columns needed coercion.
[2026-06-10 17:49:29] [INFO    ] [src.data.cleaner] fill_nulls: no null values found — nothing to fill.
[2026-06-10 17:49:29] [INFO    ] [src.data.cleaner] Cleaning complete. Final shape: (300, 5)
[2026-06-10 17:49:29] [INFO    ] [__main__] -- Step 3/6: Splitting data --
[2026-06-10 17:49:29] [INFO    ] [src.data.splitter] Split complete — train: 210 | val: 30 | test: 60
[2026-06-10 17:49:29] [INFO    ] [__main__] -- Step 4/6: Training model --
[2026-06-10 17:49:29] [INFO    ] [src.models.trainer] Initialised model: LogisticRegression (params={})
[2026-06-10 17:49:29] [INFO    ] [src.models.trainer] Training LogisticRegression on 210 samples…
[2026-06-10 17:49:29] [INFO    ] [src.models.trainer] Training complete.
[2026-06-10 17:49:29] [INFO    ] [src.models.trainer] Model saved to 'outputs\model.joblib'.
[2026-06-10 17:49:29] [INFO    ] [__main__] -- Step 5/6: Evaluating model --
[2026-06-10 17:49:29] [INFO    ] [src.models.evaluator] Evaluation (classification): {'task': 'classification', 'accuracy': 0.516667, 'f1_weighted': 0.455129, 'precision_weighted': 0.477, 'recall_weighted': 0.516667, 'confusion_matrix': [[27, 6], [23, 4]]}
[2026-06-10 17:49:29] [INFO    ] [__main__] -- Step 6/6: Saving report --
[2026-06-10 17:49:29] [INFO    ] [src.models.evaluator] Metrics report saved to 'outputs\report.json'.
[2026-06-11 12:26:08] [INFO    ] [src.data.cleaner] fill_nulls (mean): filled 2 null(s) in numeric columns.
[2026-06-11 12:26:08] [INFO    ] [src.data.cleaner] Cleaning complete. Final shape: (3, 3)
[2026-06-11 12:26:08] [INFO    ] [src.data.cleaner] fill_nulls (median): filled 2 null(s) in numeric columns.
[2026-06-11 12:26:08] [INFO    ] [src.data.cleaner] Cleaning complete. Final shape: (3, 3)
[2026-06-11 12:26:08] [INFO    ] [src.data.cleaner] fill_nulls (mode): filled 2 null(s) across all columns.
[2026-06-11 12:26:08] [INFO    ] [src.data.cleaner] Cleaning complete. Final shape: (3, 3)
[2026-06-11 12:26:08] [INFO    ] [src.data.cleaner] fill_nulls (drop): dropped 2 row(s) containing nulls.
[2026-06-11 12:26:08] [INFO    ] [src.data.cleaner] Cleaning complete. Final shape: (1, 3)
[2026-06-11 12:26:08] [INFO    ] [src.data.cleaner] fill_nulls (mean): filled 1 null(s) in numeric columns.
[2026-06-11 12:26:08] [INFO    ] [src.data.cleaner] Cleaning complete. Final shape: (3, 2)
[2026-06-11 12:26:08] [INFO    ] [src.data.cleaner] drop_duplicates: removed 1 duplicate row(s).
[2026-06-11 12:26:08] [INFO    ] [src.data.cleaner] fill_nulls: no null values found — nothing to fill.
[2026-06-11 12:26:08] [INFO    ] [src.data.cleaner] Cleaning complete. Final shape: (2, 3)
[2026-06-11 12:26:08] [INFO    ] [src.data.cleaner] fill_nulls: no null values found — nothing to fill.
[2026-06-11 12:26:08] [INFO    ] [src.data.cleaner] Cleaning complete. Final shape: (3, 3)
[2026-06-11 12:26:08] [INFO    ] [src.data.cleaner] fix_dtypes: coerced columns to numeric: ['a'].
[2026-06-11 12:26:08] [INFO    ] [src.data.cleaner] fill_nulls: no null values found — nothing to fill.
[2026-06-11 12:26:08] [INFO    ] [src.data.cleaner] Cleaning complete. Final shape: (3, 2)
[2026-06-11 12:26:08] [INFO    ] [src.data.cleaner] fix_dtypes: no object columns needed coercion.
[2026-06-11 12:26:08] [INFO    ] [src.data.cleaner] fill_nulls: no null values found — nothing to fill.
[2026-06-11 12:26:08] [INFO    ] [src.data.cleaner] Cleaning complete. Final shape: (3, 2)
[2026-06-11 12:26:08] [INFO    ] [src.data.cleaner] drop_duplicates: removed 0 duplicate row(s).
[2026-06-11 12:26:08] [INFO    ] [src.data.cleaner] fix_dtypes: no object columns needed coercion.
[2026-06-11 12:26:08] [INFO    ] [src.data.cleaner] fill_nulls (mean): filled 2 null(s) in numeric columns.
[2026-06-11 12:26:08] [INFO    ] [src.data.cleaner] Cleaning complete. Final shape: (3, 3)
[2026-06-11 12:26:08] [INFO    ] [src.data.loader] Loading data from 'C:\Users\Asus\AppData\Local\Temp\pytest-of-Asus\pytest-2\test_load_csv_returns_datafram0\test.csv' (format: .csv)…
[2026-06-11 12:26:08] [INFO    ] [src.data.loader] Loaded 'test.csv' — shape: (3, 3) | columns: {'a': dtype('int64'), 'b': dtype('float64'), 'target': dtype('int64')}
[2026-06-11 12:26:08] [INFO    ] [src.data.loader] Loading data from 'C:\Users\Asus\AppData\Local\Temp\pytest-of-Asus\pytest-2\test_load_csv_column_names0\test.csv' (format: .csv)…
[2026-06-11 12:26:08] [INFO    ] [src.data.loader] Loaded 'test.csv' — shape: (3, 3) | columns: {'a': dtype('int64'), 'b': dtype('float64'), 'target': dtype('int64')}
[2026-06-11 12:26:08] [INFO    ] [src.data.loader] Loading data from 'C:\Users\Asus\AppData\Local\Temp\pytest-of-Asus\pytest-2\test_load_csv_values0\test.csv' (format: .csv)…
[2026-06-11 12:26:08] [INFO    ] [src.data.loader] Loaded 'test.csv' — shape: (3, 3) | columns: {'a': dtype('int64'), 'b': dtype('float64'), 'target': dtype('int64')}
[2026-06-11 12:26:08] [INFO    ] [src.data.loader] Loading data from 'C:\Users\Asus\AppData\Local\Temp\pytest-of-Asus\pytest-2\test_load_json_returns_datafra0\test.json' (format: .json)…
[2026-06-11 12:26:08] [INFO    ] [src.data.loader] Loaded 'test.json' — shape: (3, 3) | columns: {'a': dtype('int64'), 'b': dtype('int64'), 'target': dtype('int64')}
[2026-06-11 12:26:08] [INFO    ] [src.data.loader] Loading data from 'C:\Users\Asus\AppData\Local\Temp\pytest-of-Asus\pytest-2\test_load_json_columns0\test.json' (format: .json)…
[2026-06-11 12:26:08] [INFO    ] [src.data.loader] Loaded 'test.json' — shape: (3, 3) | columns: {'a': dtype('int64'), 'b': dtype('int64'), 'target': dtype('int64')}
[2026-06-11 12:26:08] [INFO    ] [src.data.splitter] Split complete — train: 70 | val: 10 | test: 20
[2026-06-11 12:26:08] [INFO    ] [src.data.splitter] Split complete — train: 70 | val: 10 | test: 20
[2026-06-11 12:26:08] [INFO    ] [src.data.splitter] Split complete — train: 70 | val: 10 | test: 20
[2026-06-11 12:26:08] [INFO    ] [src.data.splitter] Split complete — train: 70 | val: 10 | test: 20
[2026-06-11 12:26:08] [INFO    ] [src.data.splitter] Split complete — train: 70 | val: 10 | test: 20
[2026-06-11 12:26:08] [INFO    ] [src.data.splitter] Split complete — train: 70 | val: 10 | test: 20
[2026-06-11 12:26:08] [INFO    ] [src.data.splitter] Split complete — train: 70 | val: 10 | test: 20
[2026-06-11 12:26:08] [INFO    ] [src.data.splitter] Split complete — train: 70 | val: 10 | test: 20
[2026-06-11 12:26:08] [INFO    ] [src.data.splitter] Split complete — train: 70 | val: 10 | test: 20
[2026-06-11 12:34:46] [INFO    ] [__main__] Loading configuration from 'configs/experiment.yaml'…
[2026-06-11 12:34:46] [INFO    ] [__main__] Configuration loaded successfully.
[2026-06-11 12:34:46] [INFO    ] [__main__] -- Step 1/6: Loading data --
[2026-06-11 12:34:46] [INFO    ] [src.data.loader] Loading data from 'data/sample.csv' (format: .csv)…
[2026-06-11 12:34:46] [INFO    ] [src.data.loader] Loaded 'sample.csv' — shape: (300, 5) | columns: {'feature_1': dtype('float64'), 'feature_2': dtype('float64'), 'feature_3': dtype('float64'), 'feature_4': dtype('float64'), 'target': dtype('int64')}
[2026-06-11 12:34:46] [INFO    ] [__main__] -- Step 2/6: Cleaning data --
[2026-06-11 12:34:46] [INFO    ] [src.data.cleaner] drop_duplicates: removed 0 duplicate row(s).
[2026-06-11 12:34:46] [INFO    ] [src.data.cleaner] fix_dtypes: no object columns needed coercion.
[2026-06-11 12:34:46] [INFO    ] [src.data.cleaner] fill_nulls: no null values found — nothing to fill.
[2026-06-11 12:34:46] [INFO    ] [src.data.cleaner] Cleaning complete. Final shape: (300, 5)
[2026-06-11 12:34:46] [INFO    ] [__main__] -- Step 3/6: Splitting data --
[2026-06-11 12:34:46] [INFO    ] [src.data.splitter] Split complete — train: 210 | val: 30 | test: 60
[2026-06-11 12:34:46] [INFO    ] [__main__] -- Step 4/6: Training model --
[2026-06-11 12:34:46] [INFO    ] [src.models.trainer] Initialised model: LogisticRegression (params={})
[2026-06-11 12:34:46] [INFO    ] [src.models.trainer] Training LogisticRegression on 210 samples…
[2026-06-11 12:34:46] [INFO    ] [src.models.trainer] Training complete.
[2026-06-11 12:34:46] [INFO    ] [src.models.trainer] Model saved to 'outputs\model.joblib'.
[2026-06-11 12:34:46] [INFO    ] [__main__] -- Step 5/6: Evaluating model --
[2026-06-11 12:34:46] [INFO    ] [src.models.evaluator] Evaluation (classification): {'task': 'classification', 'accuracy': 0.516667, 'f1_weighted': 0.455129, 'precision_weighted': 0.477, 'recall_weighted': 0.516667, 'confusion_matrix': [[27, 6], [23, 4]]}
[2026-06-11 12:34:46] [INFO    ] [__main__] -- Step 6/6: Saving report --
[2026-06-11 12:34:46] [INFO    ] [src.models.evaluator] Metrics report saved to 'outputs\report.json'.
[2026-06-11 12:36:20] [INFO    ] [__main__] Loading configuration from 'configs/doesnotexist.yaml'…
[2026-06-11 12:37:15] [INFO    ] [__main__] Loading configuration from 'configs/experiment.yaml'…
[2026-06-11 12:37:15] [INFO    ] [__main__] Configuration loaded successfully.
[2026-06-11 12:37:15] [INFO    ] [__main__] -- Step 1/6: Loading data --
[2026-06-11 12:37:15] [INFO    ] [src.data.loader] Loading data from 'data/sample.csv' (format: .csv)…
[2026-06-11 12:37:15] [INFO    ] [src.data.loader] Loaded 'sample.csv' — shape: (300, 5) | columns: {'feature_1': dtype('float64'), 'feature_2': dtype('float64'), 'feature_3': dtype('float64'), 'feature_4': dtype('float64'), 'target': dtype('int64')}
[2026-06-11 12:37:15] [INFO    ] [__main__] -- Step 2/6: Cleaning data --
[2026-06-11 12:37:15] [INFO    ] [src.data.cleaner] drop_duplicates: removed 0 duplicate row(s).
[2026-06-11 12:37:15] [INFO    ] [src.data.cleaner] fix_dtypes: no object columns needed coercion.
[2026-06-11 12:37:15] [INFO    ] [src.data.cleaner] fill_nulls: no null values found — nothing to fill.
[2026-06-11 12:37:15] [INFO    ] [src.data.cleaner] Cleaning complete. Final shape: (300, 5)
[2026-06-11 12:37:15] [INFO    ] [__main__] -- Step 3/6: Splitting data --
[2026-06-11 12:37:15] [INFO    ] [src.data.splitter] Split complete — train: 210 | val: 30 | test: 60
[2026-06-11 12:37:15] [INFO    ] [__main__] -- Step 4/6: Training model --
[2026-06-11 12:37:15] [INFO    ] [src.models.trainer] Initialised model: LogisticRegression (params={})
[2026-06-11 12:37:15] [INFO    ] [src.models.trainer] Training LogisticRegression on 210 samples…
[2026-06-11 12:37:15] [INFO    ] [src.models.trainer] Training complete.
[2026-06-11 12:37:15] [INFO    ] [src.models.trainer] Model saved to 'outputs\model.joblib'.
[2026-06-11 12:37:15] [INFO    ] [__main__] -- Step 5/6: Evaluating model --
[2026-06-11 12:37:15] [INFO    ] [src.models.evaluator] Evaluation (classification): {'task': 'classification', 'accuracy': 0.516667, 'f1_weighted': 0.455129, 'precision_weighted': 0.477, 'recall_weighted': 0.516667, 'confusion_matrix': [[27, 6], [23, 4]]}
[2026-06-11 12:37:15] [INFO    ] [__main__] -- Step 6/6: Saving report --
[2026-06-11 12:37:15] [INFO    ] [src.models.evaluator] Metrics report saved to 'outputs\report.json'.
[2026-06-11 12:37:38] [INFO    ] [__main__] Loading configuration from 'configs/experiment.yaml'…
[2026-06-11 12:37:38] [INFO    ] [__main__] Configuration loaded successfully.
[2026-06-11 12:37:38] [INFO    ] [__main__] -- Step 1/6: Loading data --
[2026-06-11 12:37:38] [INFO    ] [src.data.loader] Loading data from 'data/sample.csv' (format: .csv)…
[2026-06-11 12:37:38] [INFO    ] [src.data.loader] Loaded 'sample.csv' — shape: (300, 5) | columns: {'feature_1': dtype('float64'), 'feature_2': dtype('float64'), 'feature_3': dtype('float64'), 'feature_4': dtype('float64'), 'target': dtype('int64')}
[2026-06-11 12:37:38] [INFO    ] [__main__] -- Step 2/6: Cleaning data --
[2026-06-11 12:37:38] [INFO    ] [src.data.cleaner] drop_duplicates: removed 0 duplicate row(s).
[2026-06-11 12:37:38] [INFO    ] [src.data.cleaner] fix_dtypes: no object columns needed coercion.
[2026-06-11 12:37:38] [INFO    ] [src.data.cleaner] fill_nulls: no null values found — nothing to fill.
[2026-06-11 12:37:38] [INFO    ] [src.data.cleaner] Cleaning complete. Final shape: (300, 5)
[2026-06-11 12:37:38] [INFO    ] [__main__] -- Step 3/6: Splitting data --
[2026-06-11 12:37:38] [INFO    ] [src.data.splitter] Split complete — train: 210 | val: 30 | test: 60
[2026-06-11 12:37:38] [INFO    ] [__main__] -- Step 4/6: Training model --
[2026-06-11 12:37:38] [INFO    ] [src.models.trainer] Initialised model: LogisticRegression (params={})
[2026-06-11 12:37:38] [INFO    ] [src.models.trainer] Training LogisticRegression on 210 samples…
[2026-06-11 12:37:38] [INFO    ] [src.models.trainer] Training complete.
[2026-06-11 12:37:38] [INFO    ] [src.models.trainer] Model saved to 'outputs\model.joblib'.
[2026-06-11 12:37:38] [INFO    ] [__main__] -- Step 5/6: Evaluating model --
[2026-06-11 12:37:38] [INFO    ] [src.models.evaluator] Evaluation (classification): {'task': 'classification', 'accuracy': 0.516667, 'f1_weighted': 0.455129, 'precision_weighted': 0.477, 'recall_weighted': 0.516667, 'confusion_matrix': [[27, 6], [23, 4]]}
[2026-06-11 12:37:38] [INFO    ] [__main__] -- Step 6/6: Saving report --
[2026-06-11 12:37:38] [INFO    ] [src.models.evaluator] Metrics report saved to 'outputs\report.json'.
[2026-06-11 12:38:00] [INFO    ] [__main__] Loading configuration from 'configs/doesnotexist.yaml'…
[2026-06-11 12:39:25] [INFO    ] [__main__] Loading configuration from 'configs/experiment.yaml'…
[2026-06-11 12:39:25] [INFO    ] [__main__] Configuration loaded successfully.
[2026-06-11 12:39:25] [INFO    ] [__main__] -- Step 1/6: Loading data --
[2026-06-11 12:39:25] [INFO    ] [src.data.loader] Loading data from 'data/sample.csv' (format: .csv)…
[2026-06-11 12:39:25] [INFO    ] [src.data.loader] Loaded 'sample.csv' — shape: (300, 5) | columns: {'feature_1': dtype('float64'), 'feature_2': dtype('float64'), 'feature_3': dtype('float64'), 'feature_4': dtype('float64'), 'target': dtype('int64')}
[2026-06-11 12:39:25] [INFO    ] [__main__] -- Step 2/6: Cleaning data --
[2026-06-11 12:39:25] [INFO    ] [src.data.cleaner] drop_duplicates: removed 0 duplicate row(s).
[2026-06-11 12:39:25] [INFO    ] [src.data.cleaner] fix_dtypes: no object columns needed coercion.
[2026-06-11 12:39:25] [INFO    ] [src.data.cleaner] fill_nulls: no null values found — nothing to fill.
[2026-06-11 12:39:25] [INFO    ] [src.data.cleaner] Cleaning complete. Final shape: (300, 5)
[2026-06-11 12:39:25] [INFO    ] [__main__] -- Step 3/6: Splitting data --
[2026-06-11 12:39:25] [INFO    ] [src.data.splitter] Split complete — train: 210 | val: 30 | test: 60
[2026-06-11 12:39:25] [INFO    ] [__main__] -- Step 4/6: Training model --
[2026-06-11 12:39:25] [INFO    ] [src.models.trainer] Initialised model: LogisticRegression (params={})
[2026-06-11 12:39:25] [INFO    ] [src.models.trainer] Training LogisticRegression on 210 samples…
[2026-06-11 12:39:25] [INFO    ] [src.models.trainer] Training complete.
[2026-06-11 12:39:25] [INFO    ] [src.models.trainer] Model saved to 'outputs\model.joblib'.
[2026-06-11 12:39:25] [INFO    ] [__main__] -- Step 5/6: Evaluating model --
[2026-06-11 12:39:25] [INFO    ] [src.models.evaluator] Evaluation (classification): {'task': 'classification', 'accuracy': 0.516667, 'f1_weighted': 0.455129, 'precision_weighted': 0.477, 'recall_weighted': 0.516667, 'confusion_matrix': [[27, 6], [23, 4]]}
[2026-06-11 12:39:25] [INFO    ] [__main__] -- Step 6/6: Saving report --
[2026-06-11 12:39:25] [INFO    ] [src.models.evaluator] Metrics report saved to 'outputs\report.json'.
[2026-06-11 12:41:45] [INFO    ] [__main__] Loading configuration from 'configs/experiment.yaml'…
[2026-06-11 12:41:45] [INFO    ] [__main__] Configuration loaded successfully.
[2026-06-11 12:41:45] [INFO    ] [__main__] -- Step 1/6: Loading data --
[2026-06-11 12:41:45] [INFO    ] [src.data.loader] Loading data from 'data/sample.csv' (format: .csv)…
[2026-06-11 12:41:45] [INFO    ] [src.data.loader] Loaded 'sample.csv' — shape: (300, 5) | columns: {'feature_1': dtype('float64'), 'feature_2': dtype('float64'), 'feature_3': dtype('float64'), 'feature_4': dtype('float64'), 'target': dtype('int64')}
[2026-06-11 12:41:45] [INFO    ] [__main__] -- Step 2/6: Cleaning data --
[2026-06-11 12:41:45] [INFO    ] [src.data.cleaner] drop_duplicates: removed 0 duplicate row(s).
[2026-06-11 12:41:45] [INFO    ] [src.data.cleaner] fix_dtypes: no object columns needed coercion.
[2026-06-11 12:41:45] [INFO    ] [src.data.cleaner] fill_nulls: no null values found — nothing to fill.
[2026-06-11 12:41:45] [INFO    ] [src.data.cleaner] Cleaning complete. Final shape: (300, 5)
[2026-06-11 12:41:45] [INFO    ] [__main__] -- Step 3/6: Splitting data --
[2026-06-11 12:41:45] [INFO    ] [src.data.splitter] Split complete — train: 210 | val: 30 | test: 60
[2026-06-11 12:41:45] [INFO    ] [__main__] -- Step 4/6: Training model --
[2026-06-11 12:41:45] [INFO    ] [src.models.trainer] Initialised model: LogisticRegression (params={})
[2026-06-11 12:41:45] [INFO    ] [src.models.trainer] Training LogisticRegression on 210 samples…
[2026-06-11 12:41:45] [INFO    ] [src.models.trainer] Training complete.
[2026-06-11 12:41:45] [INFO    ] [src.models.trainer] Model saved to 'outputs\model.joblib'.
[2026-06-11 12:41:45] [INFO    ] [__main__] -- Step 5/6: Evaluating model --
[2026-06-11 12:41:45] [INFO    ] [src.models.evaluator] Evaluation (classification): {'task': 'classification', 'accuracy': 0.516667, 'f1_weighted': 0.455129, 'precision_weighted': 0.477, 'recall_weighted': 0.516667, 'confusion_matrix': [[27, 6], [23, 4]]}
[2026-06-11 12:41:45] [INFO    ] [__main__] -- Step 6/6: Saving report --
[2026-06-11 12:41:45] [INFO    ] [src.models.evaluator] Metrics report saved to 'outputs\report.json'.
[2026-06-11 15:32:26] [INFO    ] [src.data.cleaner] fill_nulls (mean): filled 2 null(s) in numeric columns.
[2026-06-11 15:32:26] [INFO    ] [src.data.cleaner] Cleaning complete. Final shape: (3, 3)
[2026-06-11 15:32:26] [INFO    ] [src.data.cleaner] fill_nulls (median): filled 2 null(s) in numeric columns.
[2026-06-11 15:32:26] [INFO    ] [src.data.cleaner] Cleaning complete. Final shape: (3, 3)
[2026-06-11 15:32:26] [INFO    ] [src.data.cleaner] fill_nulls (mode): filled 2 null(s) across all columns.
[2026-06-11 15:32:26] [INFO    ] [src.data.cleaner] Cleaning complete. Final shape: (3, 3)
[2026-06-11 15:32:26] [INFO    ] [src.data.cleaner] fill_nulls (drop): dropped 2 row(s) containing nulls.
[2026-06-11 15:32:26] [INFO    ] [src.data.cleaner] Cleaning complete. Final shape: (1, 3)
[2026-06-11 15:32:26] [INFO    ] [src.data.cleaner] fill_nulls (mean): filled 1 null(s) in numeric columns.
[2026-06-11 15:32:26] [INFO    ] [src.data.cleaner] Cleaning complete. Final shape: (3, 2)
[2026-06-11 15:32:26] [INFO    ] [src.data.cleaner] drop_duplicates: removed 1 duplicate row(s).
[2026-06-11 15:32:26] [INFO    ] [src.data.cleaner] fill_nulls: no null values found — nothing to fill.
[2026-06-11 15:32:26] [INFO    ] [src.data.cleaner] Cleaning complete. Final shape: (2, 3)
[2026-06-11 15:32:26] [INFO    ] [src.data.cleaner] fill_nulls: no null values found — nothing to fill.
[2026-06-11 15:32:26] [INFO    ] [src.data.cleaner] Cleaning complete. Final shape: (3, 3)
[2026-06-11 15:32:26] [INFO    ] [src.data.cleaner] fix_dtypes: coerced columns to numeric: ['a'].
[2026-06-11 15:32:26] [INFO    ] [src.data.cleaner] fill_nulls: no null values found — nothing to fill.
[2026-06-11 15:32:26] [INFO    ] [src.data.cleaner] Cleaning complete. Final shape: (3, 2)
[2026-06-11 15:32:26] [INFO    ] [src.data.cleaner] fix_dtypes: no object columns needed coercion.
[2026-06-11 15:32:26] [INFO    ] [src.data.cleaner] fill_nulls: no null values found — nothing to fill.
[2026-06-11 15:32:26] [INFO    ] [src.data.cleaner] Cleaning complete. Final shape: (3, 2)
[2026-06-11 15:32:26] [INFO    ] [src.data.cleaner] drop_duplicates: removed 0 duplicate row(s).
[2026-06-11 15:32:26] [INFO    ] [src.data.cleaner] fix_dtypes: no object columns needed coercion.
[2026-06-11 15:32:26] [INFO    ] [src.data.cleaner] fill_nulls (mean): filled 2 null(s) in numeric columns.
[2026-06-11 15:32:26] [INFO    ] [src.data.cleaner] Cleaning complete. Final shape: (3, 3)
[2026-06-11 15:32:26] [DEBUG   ] [src.pipeline.steps.encoders] OneHotEncoderStep fit: col='gender' categories=['female', 'male', 'other']
[2026-06-11 15:32:26] [INFO    ] [src.pipeline.steps.encoders] OneHotEncoderStep fitted on 1 column(s): ['gender']
[2026-06-11 15:32:26] [DEBUG   ] [src.pipeline.steps.encoders] OneHotEncoderStep: encoded 'gender' into 3 indicator column(s).
[2026-06-11 15:32:26] [DEBUG   ] [src.pipeline.steps.encoders] OneHotEncoderStep fit: col='gender' categories=['female', 'male', 'other']
[2026-06-11 15:32:26] [INFO    ] [src.pipeline.steps.encoders] OneHotEncoderStep fitted on 1 column(s): ['gender']
[2026-06-11 15:32:26] [DEBUG   ] [src.pipeline.steps.encoders] OneHotEncoderStep: encoded 'gender' into 3 indicator column(s).
[2026-06-11 15:32:26] [DEBUG   ] [src.pipeline.steps.encoders] OneHotEncoderStep fit: col='gender' categories=['female', 'male', 'other']
[2026-06-11 15:32:26] [INFO    ] [src.pipeline.steps.encoders] OneHotEncoderStep fitted on 1 column(s): ['gender']
[2026-06-11 15:32:26] [DEBUG   ] [src.pipeline.steps.encoders] OneHotEncoderStep: encoded 'gender' into 3 indicator column(s).
[2026-06-11 15:32:26] [INFO    ] [src.pipeline.steps.encoders] OneHotEncoderStep fitted on 0 column(s): []
[2026-06-11 15:32:26] [INFO    ] [src.pipeline.steps.encoders] OneHotEncoderStep fitted on 0 column(s): []
[2026-06-11 15:32:26] [DEBUG   ] [src.pipeline.steps.encoders] OneHotEncoderStep fit: col='gender' categories=['female', 'male', 'other']
[2026-06-11 15:32:26] [DEBUG   ] [src.pipeline.steps.encoders] OneHotEncoderStep fit: col='size' categories=['L', 'M', 'S']
[2026-06-11 15:32:26] [INFO    ] [src.pipeline.steps.encoders] OneHotEncoderStep fitted on 2 column(s): ['gender', 'size']
[2026-06-11 15:32:26] [DEBUG   ] [src.pipeline.steps.encoders] OneHotEncoderStep: encoded 'gender' into 3 indicator column(s).
[2026-06-11 15:32:26] [DEBUG   ] [src.pipeline.steps.encoders] OneHotEncoderStep: encoded 'size' into 3 indicator column(s).
[2026-06-11 15:32:26] [DEBUG   ] [src.pipeline.steps.encoders] OneHotEncoderStep fit: col='gender' categories=['female', 'male', 'other']
[2026-06-11 15:32:26] [INFO    ] [src.pipeline.steps.encoders] OneHotEncoderStep fitted on 1 column(s): ['gender']
[2026-06-11 15:32:26] [DEBUG   ] [src.pipeline.steps.encoders] OneHotEncoderStep: encoded 'gender' into 3 indicator column(s).
[2026-06-11 15:32:26] [DEBUG   ] [src.pipeline.steps.encoders] LabelEncoderStep fit: col='gender' mapping={'female': 0, 'male': 1, 'other': 2}
[2026-06-11 15:32:26] [INFO    ] [src.pipeline.steps.encoders] LabelEncoderStep fitted on 1 column(s): ['gender']
[2026-06-11 15:32:26] [DEBUG   ] [src.pipeline.steps.encoders] LabelEncoderStep: label-encoded column 'gender'.
[2026-06-11 15:32:26] [DEBUG   ] [src.pipeline.steps.encoders] LabelEncoderStep fit: col='size' mapping={'L': 0, 'M': 1, 'S': 2}
[2026-06-11 15:32:26] [INFO    ] [src.pipeline.steps.encoders] LabelEncoderStep fitted on 1 column(s): ['size']
[2026-06-11 15:32:26] [DEBUG   ] [src.pipeline.steps.encoders] LabelEncoderStep: label-encoded column 'size'.
[2026-06-11 15:32:26] [DEBUG   ] [src.pipeline.steps.encoders] LabelEncoderStep fit: col='size' mapping={'L': 0, 'M': 1, 'S': 2}
[2026-06-11 15:32:26] [INFO    ] [src.pipeline.steps.encoders] LabelEncoderStep fitted on 1 column(s): ['size']
[2026-06-11 15:32:26] [DEBUG   ] [src.pipeline.steps.encoders] LabelEncoderStep: label-encoded column 'size'.
[2026-06-11 15:32:26] [DEBUG   ] [src.pipeline.steps.encoders] LabelEncoderStep fit: col='gender' mapping={'female': 0, 'male': 1, 'other': 2}
[2026-06-11 15:32:26] [INFO    ] [src.pipeline.steps.encoders] LabelEncoderStep fitted on 1 column(s): ['gender']
[2026-06-11 15:32:26] [DEBUG   ] [src.pipeline.steps.encoders] LabelEncoderStep: label-encoded column 'gender'.
[2026-06-11 15:32:26] [INFO    ] [src.pipeline.steps.encoders] LabelEncoderStep fitted on 0 column(s): []
[2026-06-11 15:32:26] [INFO    ] [src.pipeline.steps.encoders] LabelEncoderStep fitted on 0 column(s): []
[2026-06-11 15:32:26] [DEBUG   ] [src.pipeline.steps.encoders] LabelEncoderStep fit: col='gender' mapping={'female': 0, 'male': 1, 'other': 2}
[2026-06-11 15:32:26] [INFO    ] [src.pipeline.steps.encoders] LabelEncoderStep fitted on 1 column(s): ['gender']
[2026-06-11 15:32:26] [DEBUG   ] [src.pipeline.steps.encoders] LabelEncoderStep: label-encoded column 'gender'.
[2026-06-11 15:32:26] [INFO    ] [src.pipeline.engine] PipelineEngine fitting 4 step(s)…
[2026-06-11 15:32:26] [INFO    ] [src.pipeline.steps.column_ops] DropColumnsStep fitted — will drop: ['id']
[2026-06-11 15:32:26] [INFO    ] [src.pipeline.steps.column_ops] DropColumnsStep: dropped 1 column(s): ['id']
[2026-06-11 15:32:26] [INFO    ] [src.pipeline.engine] Fit step drop_columns         | (5, 4) -> (5, 3)
[2026-06-11 15:32:26] [INFO    ] [src.pipeline.steps.imputers] MeanImputerStep fitted on 2 column(s): ['age', 'score']
[2026-06-11 15:32:26] [INFO    ] [src.pipeline.steps.imputers] MeanImputerStep: filled 1 null(s) in 'age' (mean=37.5000)
[2026-06-11 15:32:26] [INFO    ] [src.pipeline.steps.imputers] MeanImputerStep: filled 1 null(s) in 'score' (mean=25.0000)
[2026-06-11 15:32:26] [INFO    ] [src.pipeline.engine] Fit step mean_impute          | (5, 3) -> (5, 3)
[2026-06-11 15:32:26] [DEBUG   ] [src.pipeline.steps.encoders] OneHotEncoderStep fit: col='gender' categories=['female', 'male']
[2026-06-11 15:32:26] [INFO    ] [src.pipeline.steps.encoders] OneHotEncoderStep fitted on 1 column(s): ['gender']
[2026-06-11 15:32:26] [DEBUG   ] [src.pipeline.steps.encoders] OneHotEncoderStep: encoded 'gender' into 2 indicator column(s).
[2026-06-11 15:32:26] [INFO    ] [src.pipeline.engine] Fit step onehot_encode        | (5, 3) -> (5, 4)
[2026-06-11 15:32:26] [DEBUG   ] [src.pipeline.steps.scalers] StandardScalerStep fit: col='age' mean=37.5000 std=9.2195
[2026-06-11 15:32:26] [DEBUG   ] [src.pipeline.steps.scalers] StandardScalerStep fit: col='score' mean=25.0000 std=10.0000
[2026-06-11 15:32:26] [DEBUG   ] [src.pipeline.steps.scalers] StandardScalerStep fit: col='gender_female' mean=0.4000 std=0.4899
[2026-06-11 15:32:26] [DEBUG   ] [src.pipeline.steps.scalers] StandardScalerStep fit: col='gender_male' mean=0.6000 std=0.4899
[2026-06-11 15:32:26] [INFO    ] [src.pipeline.steps.scalers] StandardScalerStep fitted on 4 column(s): ['age', 'score', 'gender_female', 'gender_male']
[2026-06-11 15:32:26] [INFO    ] [src.pipeline.engine] Fit step standard_scale       | (5, 4) -> (5, 4)
[2026-06-11 15:32:26] [INFO    ] [src.pipeline.engine] PipelineEngine fit complete.
[2026-06-11 15:32:26] [INFO    ] [src.pipeline.steps.column_ops] DropColumnsStep: dropped 1 column(s): ['id']
[2026-06-11 15:32:26] [DEBUG   ] [src.pipeline.engine] Transform step drop_columns         | (5, 4) -> (5, 3)
[2026-06-11 15:32:26] [INFO    ] [src.pipeline.steps.imputers] MeanImputerStep: filled 1 null(s) in 'age' (mean=37.5000)
[2026-06-11 15:32:26] [INFO    ] [src.pipeline.steps.imputers] MeanImputerStep: filled 1 null(s) in 'score' (mean=25.0000)
[2026-06-11 15:32:26] [DEBUG   ] [src.pipeline.engine] Transform step mean_impute          | (5, 3) -> (5, 3)
[2026-06-11 15:32:26] [DEBUG   ] [src.pipeline.steps.encoders] OneHotEncoderStep: encoded 'gender' into 2 indicator column(s).
[2026-06-11 15:32:26] [DEBUG   ] [src.pipeline.engine] Transform step onehot_encode        | (5, 3) -> (5, 4)
[2026-06-11 15:32:26] [DEBUG   ] [src.pipeline.engine] Transform step standard_scale       | (5, 4) -> (5, 4)
[2026-06-11 15:32:26] [INFO    ] [src.pipeline.engine] PipelineEngine fitting 2 step(s)…
[2026-06-11 15:32:26] [INFO    ] [src.pipeline.steps.imputers] MeanImputerStep fitted on 1 column(s): ['age']
[2026-06-11 15:32:26] [INFO    ] [src.pipeline.steps.imputers] MeanImputerStep: filled 1 null(s) in 'age' (mean=37.5000)
[2026-06-11 15:32:26] [INFO    ] [src.pipeline.engine] Fit step mean_impute          | (5, 4) -> (5, 4)
[2026-06-11 15:32:26] [DEBUG   ] [src.pipeline.steps.scalers] StandardScalerStep fit: col='age' mean=37.5000 std=9.2195
[2026-06-11 15:32:26] [INFO    ] [src.pipeline.steps.scalers] StandardScalerStep fitted on 1 column(s): ['age']
[2026-06-11 15:32:26] [INFO    ] [src.pipeline.engine] Fit step standard_scale       | (5, 4) -> (5, 4)
[2026-06-11 15:32:26] [INFO    ] [src.pipeline.engine] PipelineEngine fit complete.
[2026-06-11 15:32:26] [INFO    ] [src.pipeline.steps.imputers] MeanImputerStep: filled 1 null(s) in 'age' (mean=37.5000)
[2026-06-11 15:32:26] [DEBUG   ] [src.pipeline.engine] Transform step mean_impute          | (2, 4) -> (2, 4)
[2026-06-11 15:32:26] [DEBUG   ] [src.pipeline.engine] Transform step standard_scale       | (2, 4) -> (2, 4)
[2026-06-11 15:32:26] [INFO    ] [src.pipeline.engine] PipelineEngine fitting 1 step(s)…
[2026-06-11 15:32:26] [INFO    ] [src.pipeline.engine] PipelineEngine fitting 2 step(s)…
[2026-06-11 15:32:26] [INFO    ] [src.pipeline.steps.column_ops] DropColumnsStep fitted — will drop: ['id']
[2026-06-11 15:32:26] [INFO    ] [src.pipeline.steps.column_ops] DropColumnsStep: dropped 1 column(s): ['id']
[2026-06-11 15:32:26] [INFO    ] [src.pipeline.engine] Fit step drop_columns         | (5, 4) -> (5, 3)
[2026-06-11 15:32:26] [INFO    ] [src.pipeline.steps.imputers] MeanImputerStep fitted on 1 column(s): ['age']
[2026-06-11 15:32:26] [INFO    ] [src.pipeline.steps.imputers] MeanImputerStep: filled 1 null(s) in 'age' (mean=37.5000)
[2026-06-11 15:32:26] [INFO    ] [src.pipeline.engine] Fit step mean_impute          | (5, 3) -> (5, 3)
[2026-06-11 15:32:26] [INFO    ] [src.pipeline.engine] PipelineEngine fit complete.
[2026-06-11 15:32:26] [INFO    ] [src.data.loader] Loading data from 'C:\Users\Asus\AppData\Local\Temp\pytest-of-Asus\pytest-3\test_load_csv_returns_datafram0\test.csv' (format: .csv)…
[2026-06-11 15:32:26] [INFO    ] [src.data.loader] Loaded 'test.csv' — shape: (3, 3) | columns: {'a': dtype('int64'), 'b': dtype('float64'), 'target': dtype('int64')}
[2026-06-11 15:32:26] [INFO    ] [src.data.loader] Loading data from 'C:\Users\Asus\AppData\Local\Temp\pytest-of-Asus\pytest-3\test_load_csv_column_names0\test.csv' (format: .csv)…
[2026-06-11 15:32:26] [INFO    ] [src.data.loader] Loaded 'test.csv' — shape: (3, 3) | columns: {'a': dtype('int64'), 'b': dtype('float64'), 'target': dtype('int64')}
[2026-06-11 15:32:26] [INFO    ] [src.data.loader] Loading data from 'C:\Users\Asus\AppData\Local\Temp\pytest-of-Asus\pytest-3\test_load_csv_values0\test.csv' (format: .csv)…
[2026-06-11 15:32:26] [INFO    ] [src.data.loader] Loaded 'test.csv' — shape: (3, 3) | columns: {'a': dtype('int64'), 'b': dtype('float64'), 'target': dtype('int64')}
[2026-06-11 15:32:26] [INFO    ] [src.data.loader] Loading data from 'C:\Users\Asus\AppData\Local\Temp\pytest-of-Asus\pytest-3\test_load_json_returns_datafra0\test.json' (format: .json)…
[2026-06-11 15:32:26] [INFO    ] [src.data.loader] Loaded 'test.json' — shape: (3, 3) | columns: {'a': dtype('int64'), 'b': dtype('int64'), 'target': dtype('int64')}
[2026-06-11 15:32:26] [INFO    ] [src.data.loader] Loading data from 'C:\Users\Asus\AppData\Local\Temp\pytest-of-Asus\pytest-3\test_load_json_columns0\test.json' (format: .json)…
[2026-06-11 15:32:26] [INFO    ] [src.data.loader] Loaded 'test.json' — shape: (3, 3) | columns: {'a': dtype('int64'), 'b': dtype('int64'), 'target': dtype('int64')}
[2026-06-11 15:32:26] [DEBUG   ] [src.pipeline.steps.scalers] StandardScalerStep fit: col='a' mean=9.7923 std=1.8072
[2026-06-11 15:32:26] [DEBUG   ] [src.pipeline.steps.scalers] StandardScalerStep fit: col='b' mean=50.2230 std=9.4889
[2026-06-11 15:32:26] [INFO    ] [src.pipeline.steps.scalers] StandardScalerStep fitted on 2 column(s): ['a', 'b']
[2026-06-11 15:32:26] [DEBUG   ] [src.pipeline.steps.scalers] StandardScalerStep fit: col='a' mean=9.7923 std=1.8072
[2026-06-11 15:32:26] [DEBUG   ] [src.pipeline.steps.scalers] StandardScalerStep fit: col='b' mean=50.2230 std=9.4889
[2026-06-11 15:32:26] [INFO    ] [src.pipeline.steps.scalers] StandardScalerStep fitted on 2 column(s): ['a', 'b']
[2026-06-11 15:32:26] [DEBUG   ] [src.pipeline.steps.scalers] StandardScalerStep fit: col='a' mean=9.7923 std=1.8072
[2026-06-11 15:32:26] [DEBUG   ] [src.pipeline.steps.scalers] StandardScalerStep fit: col='b' mean=50.2230 std=9.4889
[2026-06-11 15:32:26] [INFO    ] [src.pipeline.steps.scalers] StandardScalerStep fitted on 2 column(s): ['a', 'b']
[2026-06-11 15:32:26] [DEBUG   ] [src.pipeline.steps.scalers] StandardScalerStep fit: col='a' mean=9.7923 std=1.8072
[2026-06-11 15:32:26] [DEBUG   ] [src.pipeline.steps.scalers] StandardScalerStep fit: col='b' mean=50.2230 std=9.4889
[2026-06-11 15:32:26] [INFO    ] [src.pipeline.steps.scalers] StandardScalerStep fitted on 2 column(s): ['a', 'b']
[2026-06-11 15:32:26] [DEBUG   ] [src.pipeline.steps.scalers] StandardScalerStep fit: col='a' mean=5.0000 std=0.0000
[2026-06-11 15:32:26] [INFO    ] [src.pipeline.steps.scalers] StandardScalerStep fitted on 1 column(s): ['a']
[2026-06-11 15:32:26] [WARNING ] [src.pipeline.steps.scalers] StandardScalerStep: col='a' has zero std — column left unchanged.
[2026-06-11 15:32:26] [DEBUG   ] [src.pipeline.steps.scalers] StandardScalerStep fit: col='a' mean=9.7923 std=1.8072
[2026-06-11 15:32:26] [INFO    ] [src.pipeline.steps.scalers] StandardScalerStep fitted on 1 column(s): ['a']
[2026-06-11 15:32:26] [DEBUG   ] [src.pipeline.steps.scalers] StandardScalerStep fit: col='a' mean=9.7923 std=1.8072
[2026-06-11 15:32:26] [DEBUG   ] [src.pipeline.steps.scalers] StandardScalerStep fit: col='b' mean=50.2230 std=9.4889
[2026-06-11 15:32:26] [INFO    ] [src.pipeline.steps.scalers] StandardScalerStep fitted on 2 column(s): ['a', 'b']
[2026-06-11 15:32:26] [DEBUG   ] [src.pipeline.steps.scalers] MinMaxScalerStep fit: col='a' min=4.7605 max=13.7046
[2026-06-11 15:32:26] [DEBUG   ] [src.pipeline.steps.scalers] MinMaxScalerStep fit: col='b' min=30.8123 max=77.2017
[2026-06-11 15:32:26] [INFO    ] [src.pipeline.steps.scalers] MinMaxScalerStep fitted on 2 column(s): ['a', 'b']
[2026-06-11 15:32:26] [DEBUG   ] [src.pipeline.steps.scalers] MinMaxScalerStep fit: col='a' min=4.7605 max=13.7046
[2026-06-11 15:32:26] [INFO    ] [src.pipeline.steps.scalers] MinMaxScalerStep fitted on 1 column(s): ['a']
[2026-06-11 15:32:26] [DEBUG   ] [src.pipeline.steps.scalers] MinMaxScalerStep fit: col='a' min=4.7605 max=13.7046
[2026-06-11 15:32:26] [DEBUG   ] [src.pipeline.steps.scalers] MinMaxScalerStep fit: col='b' min=30.8123 max=77.2017
[2026-06-11 15:32:26] [INFO    ] [src.pipeline.steps.scalers] MinMaxScalerStep fitted on 2 column(s): ['a', 'b']
[2026-06-11 15:32:26] [DEBUG   ] [src.pipeline.steps.scalers] MinMaxScalerStep fit: col='a' min=5.0000 max=5.0000
[2026-06-11 15:32:26] [INFO    ] [src.pipeline.steps.scalers] MinMaxScalerStep fitted on 1 column(s): ['a']
[2026-06-11 15:32:26] [WARNING ] [src.pipeline.steps.scalers] MinMaxScalerStep: col='a' has zero range — column set to 0.0.
[2026-06-11 15:32:26] [DEBUG   ] [src.pipeline.steps.scalers] MinMaxScalerStep fit: col='a' min=4.7605 max=13.7046
[2026-06-11 15:32:26] [DEBUG   ] [src.pipeline.steps.scalers] MinMaxScalerStep fit: col='b' min=30.8123 max=77.2017
[2026-06-11 15:32:26] [INFO    ] [src.pipeline.steps.scalers] MinMaxScalerStep fitted on 2 column(s): ['a', 'b']
[2026-06-11 15:32:26] [DEBUG   ] [src.pipeline.steps.scalers] MinMaxScalerStep fit: col='a' min=4.7605 max=13.7046
[2026-06-11 15:32:26] [DEBUG   ] [src.pipeline.steps.scalers] MinMaxScalerStep fit: col='b' min=30.8123 max=77.2017
[2026-06-11 15:32:26] [INFO    ] [src.pipeline.steps.scalers] MinMaxScalerStep fitted on 2 column(s): ['a', 'b']
[2026-06-11 15:32:26] [INFO    ] [src.data.splitter] Split complete — train: 70 | val: 10 | test: 20
[2026-06-11 15:32:26] [INFO    ] [src.data.splitter] Split complete — train: 70 | val: 10 | test: 20
[2026-06-11 15:32:26] [INFO    ] [src.data.splitter] Split complete — train: 70 | val: 10 | test: 20
[2026-06-11 15:32:26] [INFO    ] [src.data.splitter] Split complete — train: 70 | val: 10 | test: 20
[2026-06-11 15:32:26] [INFO    ] [src.data.splitter] Split complete — train: 70 | val: 10 | test: 20
[2026-06-11 15:32:26] [INFO    ] [src.data.splitter] Split complete — train: 70 | val: 10 | test: 20
[2026-06-11 15:32:26] [INFO    ] [src.data.splitter] Split complete — train: 70 | val: 10 | test: 20
[2026-06-11 15:32:26] [INFO    ] [src.data.splitter] Split complete — train: 70 | val: 10 | test: 20
[2026-06-11 15:32:26] [INFO    ] [src.data.splitter] Split complete — train: 70 | val: 10 | test: 20
[2026-06-11 15:32:44] [INFO    ] [__main__] Loading configuration from 'configs/experiment.yaml'…
[2026-06-11 15:32:44] [INFO    ] [__main__] Configuration loaded successfully.
[2026-06-11 15:32:44] [INFO    ] [__main__] -- Step 1/7: Loading data --
[2026-06-11 15:32:44] [INFO    ] [src.data.loader] Loading data from 'data/sample.csv' (format: .csv)…
[2026-06-11 15:32:44] [INFO    ] [src.data.loader] Loaded 'sample.csv' — shape: (300, 5) | columns: {'feature_1': dtype('float64'), 'feature_2': dtype('float64'), 'feature_3': dtype('float64'), 'feature_4': dtype('float64'), 'target': dtype('int64')}
[2026-06-11 15:32:44] [INFO    ] [__main__] -- Step 2/7: Splitting data (before pipeline) --
[2026-06-11 15:32:44] [INFO    ] [src.data.splitter] Split complete — train: 210 | val: 30 | test: 60
[2026-06-11 15:32:44] [INFO    ] [__main__] -- Step 3/7: Fitting pipeline on X_train --
[2026-06-11 15:32:44] [INFO    ] [src.pipeline.engine] PipelineEngine fitting 5 step(s)…
[2026-06-11 15:32:44] [INFO    ] [src.pipeline.steps.column_ops] DropColumnsStep fitted — will drop: ['id']
[2026-06-11 15:32:44] [WARNING ] [src.pipeline.steps.column_ops] DropColumnsStep: skipping missing columns: ['id']
[2026-06-11 15:32:44] [INFO    ] [src.pipeline.steps.column_ops] DropColumnsStep: dropped 0 column(s): []
[2026-06-11 15:32:44] [INFO    ] [src.pipeline.engine] Fit step drop_columns         | (210, 4) -> (210, 4)
[2026-06-11 15:32:44] [INFO    ] [src.pipeline.steps.imputers] MeanImputerStep fitted on 4 column(s): ['feature_1', 'feature_2', 'feature_3', 'feature_4']
[2026-06-11 15:32:44] [INFO    ] [src.pipeline.engine] Fit step mean_impute          | (210, 4) -> (210, 4)
[2026-06-11 15:32:44] [INFO    ] [src.pipeline.steps.imputers] ModeImputerStep fitted on 0 column(s): []
[2026-06-11 15:32:44] [INFO    ] [src.pipeline.engine] Fit step mode_impute          | (210, 4) -> (210, 4)
[2026-06-11 15:32:44] [INFO    ] [src.pipeline.steps.encoders] OneHotEncoderStep fitted on 0 column(s): []
[2026-06-11 15:32:44] [INFO    ] [src.pipeline.engine] Fit step onehot_encode        | (210, 4) -> (210, 4)
[2026-06-11 15:32:44] [DEBUG   ] [src.pipeline.steps.scalers] StandardScalerStep fit: col='feature_1' mean=-0.0331 std=0.9644
[2026-06-11 15:32:44] [DEBUG   ] [src.pipeline.steps.scalers] StandardScalerStep fit: col='feature_2' mean=-0.0686 std=0.9889
[2026-06-11 15:32:44] [DEBUG   ] [src.pipeline.steps.scalers] StandardScalerStep fit: col='feature_3' mean=4.8740 std=2.9064
[2026-06-11 15:32:44] [DEBUG   ] [src.pipeline.steps.scalers] StandardScalerStep fit: col='feature_4' mean=1.9810 std=1.3731
[2026-06-11 15:32:44] [INFO    ] [src.pipeline.steps.scalers] StandardScalerStep fitted on 4 column(s): ['feature_1', 'feature_2', 'feature_3', 'feature_4']
[2026-06-11 15:32:44] [INFO    ] [src.pipeline.engine] Fit step standard_scale       | (210, 4) -> (210, 4)
[2026-06-11 15:32:44] [INFO    ] [src.pipeline.engine] PipelineEngine fit complete.
[2026-06-11 15:32:44] [WARNING ] [src.pipeline.steps.column_ops] DropColumnsStep: skipping missing columns: ['id']
[2026-06-11 15:32:44] [INFO    ] [src.pipeline.steps.column_ops] DropColumnsStep: dropped 0 column(s): []
[2026-06-11 15:32:44] [DEBUG   ] [src.pipeline.engine] Transform step drop_columns         | (210, 4) -> (210, 4)
[2026-06-11 15:32:44] [DEBUG   ] [src.pipeline.engine] Transform step mean_impute          | (210, 4) -> (210, 4)
[2026-06-11 15:32:44] [DEBUG   ] [src.pipeline.engine] Transform step mode_impute          | (210, 4) -> (210, 4)
[2026-06-11 15:32:44] [DEBUG   ] [src.pipeline.engine] Transform step onehot_encode        | (210, 4) -> (210, 4)
[2026-06-11 15:32:44] [DEBUG   ] [src.pipeline.engine] Transform step standard_scale       | (210, 4) -> (210, 4)
[2026-06-11 15:32:44] [INFO    ] [__main__] -- Step 4/7: Transforming X_val and X_test --
[2026-06-11 15:32:44] [WARNING ] [src.pipeline.steps.column_ops] DropColumnsStep: skipping missing columns: ['id']
[2026-06-11 15:32:44] [INFO    ] [src.pipeline.steps.column_ops] DropColumnsStep: dropped 0 column(s): []
[2026-06-11 15:32:44] [DEBUG   ] [src.pipeline.engine] Transform step drop_columns         | (30, 4) -> (30, 4)
[2026-06-11 15:32:44] [DEBUG   ] [src.pipeline.engine] Transform step mean_impute          | (30, 4) -> (30, 4)
[2026-06-11 15:32:44] [DEBUG   ] [src.pipeline.engine] Transform step mode_impute          | (30, 4) -> (30, 4)
[2026-06-11 15:32:44] [DEBUG   ] [src.pipeline.engine] Transform step onehot_encode        | (30, 4) -> (30, 4)
[2026-06-11 15:32:44] [DEBUG   ] [src.pipeline.engine] Transform step standard_scale       | (30, 4) -> (30, 4)
[2026-06-11 15:32:44] [WARNING ] [src.pipeline.steps.column_ops] DropColumnsStep: skipping missing columns: ['id']
[2026-06-11 15:32:44] [INFO    ] [src.pipeline.steps.column_ops] DropColumnsStep: dropped 0 column(s): []
[2026-06-11 15:32:44] [DEBUG   ] [src.pipeline.engine] Transform step drop_columns         | (60, 4) -> (60, 4)
[2026-06-11 15:32:44] [DEBUG   ] [src.pipeline.engine] Transform step mean_impute          | (60, 4) -> (60, 4)
[2026-06-11 15:32:44] [DEBUG   ] [src.pipeline.engine] Transform step mode_impute          | (60, 4) -> (60, 4)
[2026-06-11 15:32:44] [DEBUG   ] [src.pipeline.engine] Transform step onehot_encode        | (60, 4) -> (60, 4)
[2026-06-11 15:32:44] [DEBUG   ] [src.pipeline.engine] Transform step standard_scale       | (60, 4) -> (60, 4)
[2026-06-11 15:32:44] [WARNING ] [src.pipeline.steps.column_ops] DropColumnsStep: skipping missing columns: ['id']
[2026-06-11 15:32:44] [INFO    ] [src.pipeline.steps.column_ops] DropColumnsStep: dropped 0 column(s): []
[2026-06-11 15:32:44] [INFO    ] [__main__] -- Step 5/7: Training model --
[2026-06-11 15:32:44] [INFO    ] [src.models.trainer] Initialised model: LogisticRegression (params={})
[2026-06-11 15:32:44] [INFO    ] [src.models.trainer] Training LogisticRegression on 210 samples…
[2026-06-11 15:32:44] [INFO    ] [src.models.trainer] Training complete.
[2026-06-11 15:32:44] [INFO    ] [src.models.trainer] Model saved to 'outputs\model.joblib'.
[2026-06-11 15:32:44] [INFO    ] [__main__] -- Step 6/7: Evaluating model --
[2026-06-11 15:32:44] [INFO    ] [src.models.evaluator] Evaluation (classification): {'task': 'classification', 'accuracy': 0.533333, 'f1_weighted': 0.466667, 'precision_weighted': 0.501961, 'recall_weighted': 0.533333, 'confusion_matrix': [[28, 5], [23, 4]]}
[2026-06-11 15:32:44] [INFO    ] [__main__] -- Step 7/7: Saving report --
[2026-06-11 15:32:44] [INFO    ] [src.models.evaluator] Metrics report saved to 'outputs\report.json'.
[2026-06-11 15:33:10] [INFO    ] [__main__] Loading configuration from 'configs/experiment.yaml'…
[2026-06-11 15:33:10] [INFO    ] [__main__] Configuration loaded successfully.
[2026-06-11 15:33:10] [WARNING ] [__main__] Data file 'data/sample.csv' not found. Generating a synthetic dummy dataset…
[2026-06-11 15:33:10] [INFO    ] [__main__] Generated dummy dataset at 'data\sample.csv' (300 rows).
[2026-06-11 15:33:10] [INFO    ] [__main__] -- Step 1/7: Loading data --
[2026-06-11 15:33:10] [INFO    ] [src.data.loader] Loading data from 'data/sample.csv' (format: .csv)…
[2026-06-11 15:33:10] [INFO    ] [src.data.loader] Loaded 'sample.csv' — shape: (300, 8) | columns: {'id': dtype('int64'), 'gender': dtype('O'), 'category': dtype('O'), 'feature_1': dtype('float64'), 'feature_2': dtype('float64'), 'feature_3': dtype('float64'), 'feature_4': dtype('float64'), 'target': dtype('int64')}
[2026-06-11 15:33:10] [INFO    ] [__main__] -- Step 2/7: Splitting data (before pipeline) --
[2026-06-11 15:33:10] [INFO    ] [src.data.splitter] Split complete — train: 210 | val: 30 | test: 60
[2026-06-11 15:33:10] [INFO    ] [__main__] -- Step 3/7: Fitting pipeline on X_train --
[2026-06-11 15:33:10] [INFO    ] [src.pipeline.engine] PipelineEngine fitting 5 step(s)…
[2026-06-11 15:33:10] [INFO    ] [src.pipeline.steps.column_ops] DropColumnsStep fitted — will drop: ['id']
[2026-06-11 15:33:10] [INFO    ] [src.pipeline.steps.column_ops] DropColumnsStep: dropped 1 column(s): ['id']
[2026-06-11 15:33:10] [INFO    ] [src.pipeline.engine] Fit step drop_columns         | (210, 7) -> (210, 6)
[2026-06-11 15:33:10] [INFO    ] [src.pipeline.steps.imputers] MeanImputerStep fitted on 4 column(s): ['feature_1', 'feature_2', 'feature_3', 'feature_4']
[2026-06-11 15:33:10] [INFO    ] [src.pipeline.steps.imputers] MeanImputerStep: filled 22 null(s) in 'feature_1' (mean=0.0039)
[2026-06-11 15:33:10] [INFO    ] [src.pipeline.steps.imputers] MeanImputerStep: filled 18 null(s) in 'feature_2' (mean=-0.0916)
[2026-06-11 15:33:10] [INFO    ] [src.pipeline.engine] Fit step mean_impute          | (210, 6) -> (210, 6)
[2026-06-11 15:33:10] [INFO    ] [src.pipeline.steps.imputers] ModeImputerStep fitted on 2 column(s): ['gender', 'category']
[2026-06-11 15:33:10] [INFO    ] [src.pipeline.steps.imputers] ModeImputerStep: filled 23 null(s) in 'gender' (mode='female')
[2026-06-11 15:33:10] [INFO    ] [src.pipeline.steps.imputers] ModeImputerStep: filled 25 null(s) in 'category' (mode='A')
[2026-06-11 15:33:10] [INFO    ] [src.pipeline.engine] Fit step mode_impute          | (210, 6) -> (210, 6)
[2026-06-11 15:33:10] [DEBUG   ] [src.pipeline.steps.encoders] OneHotEncoderStep fit: col='gender' categories=['female', 'male', 'other']
[2026-06-11 15:33:10] [DEBUG   ] [src.pipeline.steps.encoders] OneHotEncoderStep fit: col='category' categories=['A', 'B', 'C']
[2026-06-11 15:33:10] [INFO    ] [src.pipeline.steps.encoders] OneHotEncoderStep fitted on 2 column(s): ['gender', 'category']
[2026-06-11 15:33:10] [DEBUG   ] [src.pipeline.steps.encoders] OneHotEncoderStep: encoded 'gender' into 3 indicator column(s).
[2026-06-11 15:33:10] [DEBUG   ] [src.pipeline.steps.encoders] OneHotEncoderStep: encoded 'category' into 3 indicator column(s).
[2026-06-11 15:33:10] [INFO    ] [src.pipeline.engine] Fit step onehot_encode        | (210, 6) -> (210, 10)
[2026-06-11 15:33:10] [DEBUG   ] [src.pipeline.steps.scalers] StandardScalerStep fit: col='feature_1' mean=0.0039 std=0.9599
[2026-06-11 15:33:10] [DEBUG   ] [src.pipeline.steps.scalers] StandardScalerStep fit: col='feature_2' mean=-0.0916 std=0.9286
[2026-06-11 15:33:10] [DEBUG   ] [src.pipeline.steps.scalers] StandardScalerStep fit: col='feature_3' mean=5.0956 std=2.8588
[2026-06-11 15:33:10] [DEBUG   ] [src.pipeline.steps.scalers] StandardScalerStep fit: col='feature_4' mean=2.0571 std=1.4331
[2026-06-11 15:33:10] [DEBUG   ] [src.pipeline.steps.scalers] StandardScalerStep fit: col='gender_female' mean=0.4476 std=0.4972
[2026-06-11 15:33:10] [DEBUG   ] [src.pipeline.steps.scalers] StandardScalerStep fit: col='gender_male' mean=0.2714 std=0.4447
[2026-06-11 15:33:10] [DEBUG   ] [src.pipeline.steps.scalers] StandardScalerStep fit: col='gender_other' mean=0.2810 std=0.4495
[2026-06-11 15:33:10] [DEBUG   ] [src.pipeline.steps.scalers] StandardScalerStep fit: col='category_A' mean=0.4667 std=0.4989
[2026-06-11 15:33:10] [DEBUG   ] [src.pipeline.steps.scalers] StandardScalerStep fit: col='category_B' mean=0.2476 std=0.4316
[2026-06-11 15:33:10] [DEBUG   ] [src.pipeline.steps.scalers] StandardScalerStep fit: col='category_C' mean=0.2857 std=0.4518
[2026-06-11 15:33:10] [INFO    ] [src.pipeline.steps.scalers] StandardScalerStep fitted on 10 column(s): ['feature_1', 'feature_2', 'feature_3', 'feature_4', 'gender_female', 'gender_male', 'gender_other', 'category_A', 'category_B', 'category_C']
[2026-06-11 15:33:10] [INFO    ] [src.pipeline.engine] Fit step standard_scale       | (210, 10) -> (210, 10)
[2026-06-11 15:33:10] [INFO    ] [src.pipeline.engine] PipelineEngine fit complete.
[2026-06-11 15:33:10] [INFO    ] [src.pipeline.steps.column_ops] DropColumnsStep: dropped 1 column(s): ['id']
[2026-06-11 15:33:10] [DEBUG   ] [src.pipeline.engine] Transform step drop_columns         | (210, 7) -> (210, 6)
[2026-06-11 15:33:10] [INFO    ] [src.pipeline.steps.imputers] MeanImputerStep: filled 22 null(s) in 'feature_1' (mean=0.0039)
[2026-06-11 15:33:10] [INFO    ] [src.pipeline.steps.imputers] MeanImputerStep: filled 18 null(s) in 'feature_2' (mean=-0.0916)
[2026-06-11 15:33:10] [DEBUG   ] [src.pipeline.engine] Transform step mean_impute          | (210, 6) -> (210, 6)
[2026-06-11 15:33:10] [INFO    ] [src.pipeline.steps.imputers] ModeImputerStep: filled 23 null(s) in 'gender' (mode='female')
[2026-06-11 15:33:10] [INFO    ] [src.pipeline.steps.imputers] ModeImputerStep: filled 25 null(s) in 'category' (mode='A')
[2026-06-11 15:33:10] [DEBUG   ] [src.pipeline.engine] Transform step mode_impute          | (210, 6) -> (210, 6)
[2026-06-11 15:33:10] [DEBUG   ] [src.pipeline.steps.encoders] OneHotEncoderStep: encoded 'gender' into 3 indicator column(s).
[2026-06-11 15:33:10] [DEBUG   ] [src.pipeline.steps.encoders] OneHotEncoderStep: encoded 'category' into 3 indicator column(s).
[2026-06-11 15:33:10] [DEBUG   ] [src.pipeline.engine] Transform step onehot_encode        | (210, 6) -> (210, 10)
[2026-06-11 15:33:10] [DEBUG   ] [src.pipeline.engine] Transform step standard_scale       | (210, 10) -> (210, 10)
[2026-06-11 15:33:10] [INFO    ] [__main__] -- Step 4/7: Transforming X_val and X_test --
[2026-06-11 15:33:10] [INFO    ] [src.pipeline.steps.column_ops] DropColumnsStep: dropped 1 column(s): ['id']
[2026-06-11 15:33:10] [DEBUG   ] [src.pipeline.engine] Transform step drop_columns         | (30, 7) -> (30, 6)
[2026-06-11 15:33:10] [INFO    ] [src.pipeline.steps.imputers] MeanImputerStep: filled 2 null(s) in 'feature_1' (mean=0.0039)
[2026-06-11 15:33:10] [INFO    ] [src.pipeline.steps.imputers] MeanImputerStep: filled 1 null(s) in 'feature_2' (mean=-0.0916)
[2026-06-11 15:33:10] [DEBUG   ] [src.pipeline.engine] Transform step mean_impute          | (30, 6) -> (30, 6)
[2026-06-11 15:33:10] [INFO    ] [src.pipeline.steps.imputers] ModeImputerStep: filled 3 null(s) in 'gender' (mode='female')
[2026-06-11 15:33:10] [INFO    ] [src.pipeline.steps.imputers] ModeImputerStep: filled 3 null(s) in 'category' (mode='A')
[2026-06-11 15:33:10] [DEBUG   ] [src.pipeline.engine] Transform step mode_impute          | (30, 6) -> (30, 6)
[2026-06-11 15:33:10] [DEBUG   ] [src.pipeline.steps.encoders] OneHotEncoderStep: encoded 'gender' into 3 indicator column(s).
[2026-06-11 15:33:10] [DEBUG   ] [src.pipeline.steps.encoders] OneHotEncoderStep: encoded 'category' into 3 indicator column(s).
[2026-06-11 15:33:10] [DEBUG   ] [src.pipeline.engine] Transform step onehot_encode        | (30, 6) -> (30, 10)
[2026-06-11 15:33:10] [DEBUG   ] [src.pipeline.engine] Transform step standard_scale       | (30, 10) -> (30, 10)
[2026-06-11 15:33:10] [INFO    ] [src.pipeline.steps.column_ops] DropColumnsStep: dropped 1 column(s): ['id']
[2026-06-11 15:33:10] [DEBUG   ] [src.pipeline.engine] Transform step drop_columns         | (60, 7) -> (60, 6)
[2026-06-11 15:33:10] [INFO    ] [src.pipeline.steps.imputers] MeanImputerStep: filled 7 null(s) in 'feature_1' (mean=0.0039)
[2026-06-11 15:33:10] [INFO    ] [src.pipeline.steps.imputers] MeanImputerStep: filled 3 null(s) in 'feature_2' (mean=-0.0916)
[2026-06-11 15:33:10] [DEBUG   ] [src.pipeline.engine] Transform step mean_impute          | (60, 6) -> (60, 6)
[2026-06-11 15:33:10] [INFO    ] [src.pipeline.steps.imputers] ModeImputerStep: filled 6 null(s) in 'gender' (mode='female')
[2026-06-11 15:33:10] [INFO    ] [src.pipeline.steps.imputers] ModeImputerStep: filled 11 null(s) in 'category' (mode='A')
[2026-06-11 15:33:10] [DEBUG   ] [src.pipeline.engine] Transform step mode_impute          | (60, 6) -> (60, 6)
[2026-06-11 15:33:10] [DEBUG   ] [src.pipeline.steps.encoders] OneHotEncoderStep: encoded 'gender' into 3 indicator column(s).
[2026-06-11 15:33:10] [DEBUG   ] [src.pipeline.steps.encoders] OneHotEncoderStep: encoded 'category' into 3 indicator column(s).
[2026-06-11 15:33:10] [DEBUG   ] [src.pipeline.engine] Transform step onehot_encode        | (60, 6) -> (60, 10)
[2026-06-11 15:33:10] [DEBUG   ] [src.pipeline.engine] Transform step standard_scale       | (60, 10) -> (60, 10)
[2026-06-11 15:33:10] [INFO    ] [src.pipeline.steps.column_ops] DropColumnsStep: dropped 1 column(s): ['id']
[2026-06-11 15:33:10] [INFO    ] [src.pipeline.steps.imputers] MeanImputerStep: filled 22 null(s) in 'feature_1' (mean=0.0039)
[2026-06-11 15:33:10] [INFO    ] [src.pipeline.steps.imputers] MeanImputerStep: filled 18 null(s) in 'feature_2' (mean=-0.0916)
[2026-06-11 15:33:10] [INFO    ] [src.pipeline.steps.imputers] ModeImputerStep: filled 23 null(s) in 'gender' (mode='female')
[2026-06-11 15:33:10] [INFO    ] [src.pipeline.steps.imputers] ModeImputerStep: filled 25 null(s) in 'category' (mode='A')
[2026-06-11 15:33:10] [DEBUG   ] [src.pipeline.steps.encoders] OneHotEncoderStep: encoded 'gender' into 3 indicator column(s).
[2026-06-11 15:33:10] [DEBUG   ] [src.pipeline.steps.encoders] OneHotEncoderStep: encoded 'category' into 3 indicator column(s).
[2026-06-11 15:33:10] [INFO    ] [__main__] -- Step 5/7: Training model --
[2026-06-11 15:33:10] [INFO    ] [src.models.trainer] Initialised model: LogisticRegression (params={})
[2026-06-11 15:33:10] [INFO    ] [src.models.trainer] Training LogisticRegression on 210 samples…
[2026-06-11 15:33:10] [INFO    ] [src.models.trainer] Training complete.
[2026-06-11 15:33:10] [INFO    ] [src.models.trainer] Model saved to 'outputs\model.joblib'.
[2026-06-11 15:33:10] [INFO    ] [__main__] -- Step 6/7: Evaluating model --
[2026-06-11 15:33:10] [INFO    ] [src.models.evaluator] Evaluation (classification): {'task': 'classification', 'accuracy': 0.383333, 'f1_weighted': 0.383162, 'precision_weighted': 0.383204, 'recall_weighted': 0.383333, 'confusion_matrix': [[12, 18], [19, 11]]}
[2026-06-11 15:33:10] [INFO    ] [__main__] -- Step 7/7: Saving report --
[2026-06-11 15:33:10] [INFO    ] [src.models.evaluator] Metrics report saved to 'outputs\report.json'.
[2026-06-11 15:39:44] [INFO    ] [src.data.cleaner] fill_nulls (mean): filled 2 null(s) in numeric columns.
[2026-06-11 15:39:44] [INFO    ] [src.data.cleaner] Cleaning complete. Final shape: (3, 3)
[2026-06-11 15:39:44] [INFO    ] [src.data.cleaner] fill_nulls (median): filled 2 null(s) in numeric columns.
[2026-06-11 15:39:44] [INFO    ] [src.data.cleaner] Cleaning complete. Final shape: (3, 3)
[2026-06-11 15:39:44] [INFO    ] [src.data.cleaner] fill_nulls (mode): filled 2 null(s) across all columns.
[2026-06-11 15:39:44] [INFO    ] [src.data.cleaner] Cleaning complete. Final shape: (3, 3)
[2026-06-11 15:39:44] [INFO    ] [src.data.cleaner] fill_nulls (drop): dropped 2 row(s) containing nulls.
[2026-06-11 15:39:44] [INFO    ] [src.data.cleaner] Cleaning complete. Final shape: (1, 3)
[2026-06-11 15:39:44] [INFO    ] [src.data.cleaner] fill_nulls (mean): filled 1 null(s) in numeric columns.
[2026-06-11 15:39:44] [INFO    ] [src.data.cleaner] Cleaning complete. Final shape: (3, 2)
[2026-06-11 15:39:44] [INFO    ] [src.data.cleaner] drop_duplicates: removed 1 duplicate row(s).
[2026-06-11 15:39:44] [INFO    ] [src.data.cleaner] fill_nulls: no null values found — nothing to fill.
[2026-06-11 15:39:44] [INFO    ] [src.data.cleaner] Cleaning complete. Final shape: (2, 3)
[2026-06-11 15:39:44] [INFO    ] [src.data.cleaner] fill_nulls: no null values found — nothing to fill.
[2026-06-11 15:39:44] [INFO    ] [src.data.cleaner] Cleaning complete. Final shape: (3, 3)
[2026-06-11 15:39:44] [INFO    ] [src.data.cleaner] fix_dtypes: coerced columns to numeric: ['a'].
[2026-06-11 15:39:44] [INFO    ] [src.data.cleaner] fill_nulls: no null values found — nothing to fill.
[2026-06-11 15:39:44] [INFO    ] [src.data.cleaner] Cleaning complete. Final shape: (3, 2)
[2026-06-11 15:39:44] [INFO    ] [src.data.cleaner] fix_dtypes: no object columns needed coercion.
[2026-06-11 15:39:44] [INFO    ] [src.data.cleaner] fill_nulls: no null values found — nothing to fill.
[2026-06-11 15:39:44] [INFO    ] [src.data.cleaner] Cleaning complete. Final shape: (3, 2)
[2026-06-11 15:39:44] [INFO    ] [src.data.cleaner] drop_duplicates: removed 0 duplicate row(s).
[2026-06-11 15:39:44] [INFO    ] [src.data.cleaner] fix_dtypes: no object columns needed coercion.
[2026-06-11 15:39:44] [INFO    ] [src.data.cleaner] fill_nulls (mean): filled 2 null(s) in numeric columns.
[2026-06-11 15:39:44] [INFO    ] [src.data.cleaner] Cleaning complete. Final shape: (3, 3)
[2026-06-11 15:39:44] [DEBUG   ] [src.pipeline.steps.encoders] OneHotEncoderStep fit: col='gender' categories=['female', 'male', 'other']
[2026-06-11 15:39:44] [INFO    ] [src.pipeline.steps.encoders] OneHotEncoderStep fitted on 1 column(s): ['gender']
[2026-06-11 15:39:44] [DEBUG   ] [src.pipeline.steps.encoders] OneHotEncoderStep: encoded 'gender' into 3 indicator column(s).
[2026-06-11 15:39:44] [DEBUG   ] [src.pipeline.steps.encoders] OneHotEncoderStep fit: col='gender' categories=['female', 'male', 'other']
[2026-06-11 15:39:44] [INFO    ] [src.pipeline.steps.encoders] OneHotEncoderStep fitted on 1 column(s): ['gender']
[2026-06-11 15:39:44] [DEBUG   ] [src.pipeline.steps.encoders] OneHotEncoderStep: encoded 'gender' into 3 indicator column(s).
[2026-06-11 15:39:44] [DEBUG   ] [src.pipeline.steps.encoders] OneHotEncoderStep fit: col='gender' categories=['female', 'male', 'other']
[2026-06-11 15:39:44] [INFO    ] [src.pipeline.steps.encoders] OneHotEncoderStep fitted on 1 column(s): ['gender']
[2026-06-11 15:39:44] [DEBUG   ] [src.pipeline.steps.encoders] OneHotEncoderStep: encoded 'gender' into 3 indicator column(s).
[2026-06-11 15:39:44] [INFO    ] [src.pipeline.steps.encoders] OneHotEncoderStep fitted on 0 column(s): []
[2026-06-11 15:39:44] [INFO    ] [src.pipeline.steps.encoders] OneHotEncoderStep fitted on 0 column(s): []
[2026-06-11 15:39:44] [DEBUG   ] [src.pipeline.steps.encoders] OneHotEncoderStep fit: col='gender' categories=['female', 'male', 'other']
[2026-06-11 15:39:44] [DEBUG   ] [src.pipeline.steps.encoders] OneHotEncoderStep fit: col='size' categories=['L', 'M', 'S']
[2026-06-11 15:39:44] [INFO    ] [src.pipeline.steps.encoders] OneHotEncoderStep fitted on 2 column(s): ['gender', 'size']
[2026-06-11 15:39:44] [DEBUG   ] [src.pipeline.steps.encoders] OneHotEncoderStep: encoded 'gender' into 3 indicator column(s).
[2026-06-11 15:39:44] [DEBUG   ] [src.pipeline.steps.encoders] OneHotEncoderStep: encoded 'size' into 3 indicator column(s).
[2026-06-11 15:39:44] [DEBUG   ] [src.pipeline.steps.encoders] OneHotEncoderStep fit: col='gender' categories=['female', 'male', 'other']
[2026-06-11 15:39:44] [INFO    ] [src.pipeline.steps.encoders] OneHotEncoderStep fitted on 1 column(s): ['gender']
[2026-06-11 15:39:44] [DEBUG   ] [src.pipeline.steps.encoders] OneHotEncoderStep: encoded 'gender' into 3 indicator column(s).
[2026-06-11 15:39:44] [DEBUG   ] [src.pipeline.steps.encoders] LabelEncoderStep fit: col='gender' mapping={'female': 0, 'male': 1, 'other': 2}
[2026-06-11 15:39:44] [INFO    ] [src.pipeline.steps.encoders] LabelEncoderStep fitted on 1 column(s): ['gender']
[2026-06-11 15:39:44] [DEBUG   ] [src.pipeline.steps.encoders] LabelEncoderStep: label-encoded column 'gender'.
[2026-06-11 15:39:44] [DEBUG   ] [src.pipeline.steps.encoders] LabelEncoderStep fit: col='size' mapping={'L': 0, 'M': 1, 'S': 2}
[2026-06-11 15:39:44] [INFO    ] [src.pipeline.steps.encoders] LabelEncoderStep fitted on 1 column(s): ['size']
[2026-06-11 15:39:44] [DEBUG   ] [src.pipeline.steps.encoders] LabelEncoderStep: label-encoded column 'size'.
[2026-06-11 15:39:44] [DEBUG   ] [src.pipeline.steps.encoders] LabelEncoderStep fit: col='size' mapping={'L': 0, 'M': 1, 'S': 2}
[2026-06-11 15:39:44] [INFO    ] [src.pipeline.steps.encoders] LabelEncoderStep fitted on 1 column(s): ['size']
[2026-06-11 15:39:44] [DEBUG   ] [src.pipeline.steps.encoders] LabelEncoderStep: label-encoded column 'size'.
[2026-06-11 15:39:44] [DEBUG   ] [src.pipeline.steps.encoders] LabelEncoderStep fit: col='gender' mapping={'female': 0, 'male': 1, 'other': 2}
[2026-06-11 15:39:44] [INFO    ] [src.pipeline.steps.encoders] LabelEncoderStep fitted on 1 column(s): ['gender']
[2026-06-11 15:39:44] [DEBUG   ] [src.pipeline.steps.encoders] LabelEncoderStep: label-encoded column 'gender'.
[2026-06-11 15:39:44] [INFO    ] [src.pipeline.steps.encoders] LabelEncoderStep fitted on 0 column(s): []
[2026-06-11 15:39:44] [INFO    ] [src.pipeline.steps.encoders] LabelEncoderStep fitted on 0 column(s): []
[2026-06-11 15:39:44] [DEBUG   ] [src.pipeline.steps.encoders] LabelEncoderStep fit: col='gender' mapping={'female': 0, 'male': 1, 'other': 2}
[2026-06-11 15:39:44] [INFO    ] [src.pipeline.steps.encoders] LabelEncoderStep fitted on 1 column(s): ['gender']
[2026-06-11 15:39:44] [DEBUG   ] [src.pipeline.steps.encoders] LabelEncoderStep: label-encoded column 'gender'.
[2026-06-11 15:39:44] [INFO    ] [src.pipeline.engine] PipelineEngine fitting 4 step(s)…
[2026-06-11 15:39:44] [INFO    ] [src.pipeline.steps.column_ops] DropColumnsStep fitted — will drop: ['id']
[2026-06-11 15:39:44] [INFO    ] [src.pipeline.steps.column_ops] DropColumnsStep: dropped 1 column(s): ['id']
[2026-06-11 15:39:44] [INFO    ] [src.pipeline.engine] Fit step drop_columns         | (5, 4) -> (5, 3)
[2026-06-11 15:39:44] [INFO    ] [src.pipeline.steps.imputers] MeanImputerStep fitted on 2 column(s): ['age', 'score']
[2026-06-11 15:39:44] [INFO    ] [src.pipeline.steps.imputers] MeanImputerStep: filled 1 null(s) in 'age' (mean=37.5000)
[2026-06-11 15:39:44] [INFO    ] [src.pipeline.steps.imputers] MeanImputerStep: filled 1 null(s) in 'score' (mean=25.0000)
[2026-06-11 15:39:44] [INFO    ] [src.pipeline.engine] Fit step mean_impute          | (5, 3) -> (5, 3)
[2026-06-11 15:39:44] [DEBUG   ] [src.pipeline.steps.encoders] OneHotEncoderStep fit: col='gender' categories=['female', 'male']
[2026-06-11 15:39:44] [INFO    ] [src.pipeline.steps.encoders] OneHotEncoderStep fitted on 1 column(s): ['gender']
[2026-06-11 15:39:44] [DEBUG   ] [src.pipeline.steps.encoders] OneHotEncoderStep: encoded 'gender' into 2 indicator column(s).
[2026-06-11 15:39:44] [INFO    ] [src.pipeline.engine] Fit step onehot_encode        | (5, 3) -> (5, 4)
[2026-06-11 15:39:44] [DEBUG   ] [src.pipeline.steps.scalers] StandardScalerStep fit: col='age' mean=37.5000 std=9.2195
[2026-06-11 15:39:44] [DEBUG   ] [src.pipeline.steps.scalers] StandardScalerStep fit: col='score' mean=25.0000 std=10.0000
[2026-06-11 15:39:44] [DEBUG   ] [src.pipeline.steps.scalers] StandardScalerStep fit: col='gender_female' mean=0.4000 std=0.4899
[2026-06-11 15:39:44] [DEBUG   ] [src.pipeline.steps.scalers] StandardScalerStep fit: col='gender_male' mean=0.6000 std=0.4899
[2026-06-11 15:39:44] [INFO    ] [src.pipeline.steps.scalers] StandardScalerStep fitted on 4 column(s): ['age', 'score', 'gender_female', 'gender_male']
[2026-06-11 15:39:44] [INFO    ] [src.pipeline.engine] Fit step standard_scale       | (5, 4) -> (5, 4)
[2026-06-11 15:39:44] [INFO    ] [src.pipeline.engine] PipelineEngine fit complete.
[2026-06-11 15:39:44] [INFO    ] [src.pipeline.steps.column_ops] DropColumnsStep: dropped 1 column(s): ['id']
[2026-06-11 15:39:44] [DEBUG   ] [src.pipeline.engine] Transform step drop_columns         | (5, 4) -> (5, 3)
[2026-06-11 15:39:44] [INFO    ] [src.pipeline.steps.imputers] MeanImputerStep: filled 1 null(s) in 'age' (mean=37.5000)
[2026-06-11 15:39:44] [INFO    ] [src.pipeline.steps.imputers] MeanImputerStep: filled 1 null(s) in 'score' (mean=25.0000)
[2026-06-11 15:39:44] [DEBUG   ] [src.pipeline.engine] Transform step mean_impute          | (5, 3) -> (5, 3)
[2026-06-11 15:39:44] [DEBUG   ] [src.pipeline.steps.encoders] OneHotEncoderStep: encoded 'gender' into 2 indicator column(s).
[2026-06-11 15:39:44] [DEBUG   ] [src.pipeline.engine] Transform step onehot_encode        | (5, 3) -> (5, 4)
[2026-06-11 15:39:44] [DEBUG   ] [src.pipeline.engine] Transform step standard_scale       | (5, 4) -> (5, 4)
[2026-06-11 15:39:44] [INFO    ] [src.pipeline.engine] PipelineEngine fitting 2 step(s)…
[2026-06-11 15:39:44] [INFO    ] [src.pipeline.steps.imputers] MeanImputerStep fitted on 1 column(s): ['age']
[2026-06-11 15:39:44] [INFO    ] [src.pipeline.steps.imputers] MeanImputerStep: filled 1 null(s) in 'age' (mean=37.5000)
[2026-06-11 15:39:44] [INFO    ] [src.pipeline.engine] Fit step mean_impute          | (5, 4) -> (5, 4)
[2026-06-11 15:39:44] [DEBUG   ] [src.pipeline.steps.scalers] StandardScalerStep fit: col='age' mean=37.5000 std=9.2195
[2026-06-11 15:39:44] [INFO    ] [src.pipeline.steps.scalers] StandardScalerStep fitted on 1 column(s): ['age']
[2026-06-11 15:39:44] [INFO    ] [src.pipeline.engine] Fit step standard_scale       | (5, 4) -> (5, 4)
[2026-06-11 15:39:44] [INFO    ] [src.pipeline.engine] PipelineEngine fit complete.
[2026-06-11 15:39:44] [INFO    ] [src.pipeline.steps.imputers] MeanImputerStep: filled 1 null(s) in 'age' (mean=37.5000)
[2026-06-11 15:39:44] [DEBUG   ] [src.pipeline.engine] Transform step mean_impute          | (2, 4) -> (2, 4)
[2026-06-11 15:39:44] [DEBUG   ] [src.pipeline.engine] Transform step standard_scale       | (2, 4) -> (2, 4)
[2026-06-11 15:39:44] [INFO    ] [src.pipeline.engine] PipelineEngine fitting 1 step(s)…
[2026-06-11 15:39:44] [INFO    ] [src.pipeline.engine] PipelineEngine fitting 2 step(s)…
[2026-06-11 15:39:44] [INFO    ] [src.pipeline.steps.column_ops] DropColumnsStep fitted — will drop: ['id']
[2026-06-11 15:39:44] [INFO    ] [src.pipeline.steps.column_ops] DropColumnsStep: dropped 1 column(s): ['id']
[2026-06-11 15:39:44] [INFO    ] [src.pipeline.engine] Fit step drop_columns         | (5, 4) -> (5, 3)
[2026-06-11 15:39:44] [INFO    ] [src.pipeline.steps.imputers] MeanImputerStep fitted on 1 column(s): ['age']
[2026-06-11 15:39:44] [INFO    ] [src.pipeline.steps.imputers] MeanImputerStep: filled 1 null(s) in 'age' (mean=37.5000)
[2026-06-11 15:39:44] [INFO    ] [src.pipeline.engine] Fit step mean_impute          | (5, 3) -> (5, 3)
[2026-06-11 15:39:44] [INFO    ] [src.pipeline.engine] PipelineEngine fit complete.
[2026-06-11 15:39:44] [INFO    ] [src.data.loader] Loading data from 'C:\Users\Asus\AppData\Local\Temp\pytest-of-Asus\pytest-4\test_load_csv_returns_datafram0\test.csv' (format: .csv)…
[2026-06-11 15:39:44] [INFO    ] [src.data.loader] Loaded 'test.csv' — shape: (3, 3) | columns: {'a': dtype('int64'), 'b': dtype('float64'), 'target': dtype('int64')}
[2026-06-11 15:39:44] [INFO    ] [src.data.loader] Loading data from 'C:\Users\Asus\AppData\Local\Temp\pytest-of-Asus\pytest-4\test_load_csv_column_names0\test.csv' (format: .csv)…
[2026-06-11 15:39:44] [INFO    ] [src.data.loader] Loaded 'test.csv' — shape: (3, 3) | columns: {'a': dtype('int64'), 'b': dtype('float64'), 'target': dtype('int64')}
[2026-06-11 15:39:44] [INFO    ] [src.data.loader] Loading data from 'C:\Users\Asus\AppData\Local\Temp\pytest-of-Asus\pytest-4\test_load_csv_values0\test.csv' (format: .csv)…
[2026-06-11 15:39:44] [INFO    ] [src.data.loader] Loaded 'test.csv' — shape: (3, 3) | columns: {'a': dtype('int64'), 'b': dtype('float64'), 'target': dtype('int64')}
[2026-06-11 15:39:44] [INFO    ] [src.data.loader] Loading data from 'C:\Users\Asus\AppData\Local\Temp\pytest-of-Asus\pytest-4\test_load_json_returns_datafra0\test.json' (format: .json)…
[2026-06-11 15:39:44] [INFO    ] [src.data.loader] Loaded 'test.json' — shape: (3, 3) | columns: {'a': dtype('int64'), 'b': dtype('int64'), 'target': dtype('int64')}
[2026-06-11 15:39:44] [INFO    ] [src.data.loader] Loading data from 'C:\Users\Asus\AppData\Local\Temp\pytest-of-Asus\pytest-4\test_load_json_columns0\test.json' (format: .json)…
[2026-06-11 15:39:44] [INFO    ] [src.data.loader] Loaded 'test.json' — shape: (3, 3) | columns: {'a': dtype('int64'), 'b': dtype('int64'), 'target': dtype('int64')}
[2026-06-11 15:39:44] [DEBUG   ] [src.pipeline.steps.scalers] StandardScalerStep fit: col='a' mean=9.7923 std=1.8072
[2026-06-11 15:39:44] [DEBUG   ] [src.pipeline.steps.scalers] StandardScalerStep fit: col='b' mean=50.2230 std=9.4889
[2026-06-11 15:39:44] [INFO    ] [src.pipeline.steps.scalers] StandardScalerStep fitted on 2 column(s): ['a', 'b']
[2026-06-11 15:39:44] [DEBUG   ] [src.pipeline.steps.scalers] StandardScalerStep fit: col='a' mean=9.7923 std=1.8072
[2026-06-11 15:39:44] [DEBUG   ] [src.pipeline.steps.scalers] StandardScalerStep fit: col='b' mean=50.2230 std=9.4889
[2026-06-11 15:39:44] [INFO    ] [src.pipeline.steps.scalers] StandardScalerStep fitted on 2 column(s): ['a', 'b']
[2026-06-11 15:39:44] [DEBUG   ] [src.pipeline.steps.scalers] StandardScalerStep fit: col='a' mean=9.7923 std=1.8072
[2026-06-11 15:39:44] [DEBUG   ] [src.pipeline.steps.scalers] StandardScalerStep fit: col='b' mean=50.2230 std=9.4889
[2026-06-11 15:39:44] [INFO    ] [src.pipeline.steps.scalers] StandardScalerStep fitted on 2 column(s): ['a', 'b']
[2026-06-11 15:39:44] [DEBUG   ] [src.pipeline.steps.scalers] StandardScalerStep fit: col='a' mean=9.7923 std=1.8072
[2026-06-11 15:39:44] [DEBUG   ] [src.pipeline.steps.scalers] StandardScalerStep fit: col='b' mean=50.2230 std=9.4889
[2026-06-11 15:39:44] [INFO    ] [src.pipeline.steps.scalers] StandardScalerStep fitted on 2 column(s): ['a', 'b']
[2026-06-11 15:39:44] [DEBUG   ] [src.pipeline.steps.scalers] StandardScalerStep fit: col='a' mean=5.0000 std=0.0000
[2026-06-11 15:39:44] [INFO    ] [src.pipeline.steps.scalers] StandardScalerStep fitted on 1 column(s): ['a']
[2026-06-11 15:39:44] [WARNING ] [src.pipeline.steps.scalers] StandardScalerStep: col='a' has zero std — column left unchanged.
[2026-06-11 15:39:44] [DEBUG   ] [src.pipeline.steps.scalers] StandardScalerStep fit: col='a' mean=9.7923 std=1.8072
[2026-06-11 15:39:44] [INFO    ] [src.pipeline.steps.scalers] StandardScalerStep fitted on 1 column(s): ['a']
[2026-06-11 15:39:44] [DEBUG   ] [src.pipeline.steps.scalers] StandardScalerStep fit: col='a' mean=9.7923 std=1.8072
[2026-06-11 15:39:44] [DEBUG   ] [src.pipeline.steps.scalers] StandardScalerStep fit: col='b' mean=50.2230 std=9.4889
[2026-06-11 15:39:44] [INFO    ] [src.pipeline.steps.scalers] StandardScalerStep fitted on 2 column(s): ['a', 'b']
[2026-06-11 15:39:44] [DEBUG   ] [src.pipeline.steps.scalers] MinMaxScalerStep fit: col='a' min=4.7605 max=13.7046
[2026-06-11 15:39:44] [DEBUG   ] [src.pipeline.steps.scalers] MinMaxScalerStep fit: col='b' min=30.8123 max=77.2017
[2026-06-11 15:39:44] [INFO    ] [src.pipeline.steps.scalers] MinMaxScalerStep fitted on 2 column(s): ['a', 'b']
[2026-06-11 15:39:44] [DEBUG   ] [src.pipeline.steps.scalers] MinMaxScalerStep fit: col='a' min=4.7605 max=13.7046
[2026-06-11 15:39:44] [INFO    ] [src.pipeline.steps.scalers] MinMaxScalerStep fitted on 1 column(s): ['a']
[2026-06-11 15:39:44] [DEBUG   ] [src.pipeline.steps.scalers] MinMaxScalerStep fit: col='a' min=4.7605 max=13.7046
[2026-06-11 15:39:44] [DEBUG   ] [src.pipeline.steps.scalers] MinMaxScalerStep fit: col='b' min=30.8123 max=77.2017
[2026-06-11 15:39:44] [INFO    ] [src.pipeline.steps.scalers] MinMaxScalerStep fitted on 2 column(s): ['a', 'b']
[2026-06-11 15:39:44] [DEBUG   ] [src.pipeline.steps.scalers] MinMaxScalerStep fit: col='a' min=5.0000 max=5.0000
[2026-06-11 15:39:44] [INFO    ] [src.pipeline.steps.scalers] MinMaxScalerStep fitted on 1 column(s): ['a']
[2026-06-11 15:39:44] [WARNING ] [src.pipeline.steps.scalers] MinMaxScalerStep: col='a' has zero range — column set to 0.0.
[2026-06-11 15:39:44] [DEBUG   ] [src.pipeline.steps.scalers] MinMaxScalerStep fit: col='a' min=4.7605 max=13.7046
[2026-06-11 15:39:44] [DEBUG   ] [src.pipeline.steps.scalers] MinMaxScalerStep fit: col='b' min=30.8123 max=77.2017
[2026-06-11 15:39:44] [INFO    ] [src.pipeline.steps.scalers] MinMaxScalerStep fitted on 2 column(s): ['a', 'b']
[2026-06-11 15:39:44] [DEBUG   ] [src.pipeline.steps.scalers] MinMaxScalerStep fit: col='a' min=4.7605 max=13.7046
[2026-06-11 15:39:44] [DEBUG   ] [src.pipeline.steps.scalers] MinMaxScalerStep fit: col='b' min=30.8123 max=77.2017
[2026-06-11 15:39:44] [INFO    ] [src.pipeline.steps.scalers] MinMaxScalerStep fitted on 2 column(s): ['a', 'b']
[2026-06-11 15:39:44] [INFO    ] [src.data.splitter] Split complete — train: 70 | val: 10 | test: 20
[2026-06-11 15:39:44] [INFO    ] [src.data.splitter] Split complete — train: 70 | val: 10 | test: 20
[2026-06-11 15:39:44] [INFO    ] [src.data.splitter] Split complete — train: 70 | val: 10 | test: 20
[2026-06-11 15:39:44] [INFO    ] [src.data.splitter] Split complete — train: 70 | val: 10 | test: 20
[2026-06-11 15:39:44] [INFO    ] [src.data.splitter] Split complete — train: 70 | val: 10 | test: 20
[2026-06-11 15:39:44] [INFO    ] [src.data.splitter] Split complete — train: 70 | val: 10 | test: 20
[2026-06-11 15:39:44] [INFO    ] [src.data.splitter] Split complete — train: 70 | val: 10 | test: 20
[2026-06-11 15:39:44] [INFO    ] [src.data.splitter] Split complete — train: 70 | val: 10 | test: 20
[2026-06-11 15:39:44] [INFO    ] [src.data.splitter] Split complete — train: 70 | val: 10 | test: 20
[2026-06-11 15:40:50] [INFO    ] [__main__] Loading configuration from 'configs/experiment.yaml'…
[2026-06-11 15:40:50] [INFO    ] [__main__] Configuration loaded successfully.
[2026-06-11 15:40:50] [INFO    ] [__main__] -- Step 1/7: Loading data --
[2026-06-11 15:40:50] [INFO    ] [src.data.loader] Loading data from 'data/sample.csv' (format: .csv)…
[2026-06-11 15:40:50] [INFO    ] [src.data.loader] Loaded 'sample.csv' — shape: (300, 8) | columns: {'id': dtype('int64'), 'gender': dtype('O'), 'category': dtype('O'), 'feature_1': dtype('float64'), 'feature_2': dtype('float64'), 'feature_3': dtype('float64'), 'feature_4': dtype('float64'), 'target': dtype('int64')}
[2026-06-11 15:40:50] [INFO    ] [__main__] -- Step 2/7: Splitting data (before pipeline) --
[2026-06-11 15:40:50] [INFO    ] [src.data.splitter] Split complete — train: 210 | val: 30 | test: 60
[2026-06-11 15:40:50] [INFO    ] [__main__] -- Step 3/7: Fitting pipeline on X_train --
[2026-06-11 15:40:50] [INFO    ] [src.pipeline.engine] PipelineEngine fitting 5 step(s)…
[2026-06-11 15:40:50] [INFO    ] [src.pipeline.steps.column_ops] DropColumnsStep fitted — will drop: ['id']
[2026-06-11 15:40:50] [INFO    ] [src.pipeline.steps.column_ops] DropColumnsStep: dropped 1 column(s): ['id']
[2026-06-11 15:40:50] [INFO    ] [src.pipeline.engine] Fit step drop_columns         | (210, 7) -> (210, 6)
[2026-06-11 15:40:50] [INFO    ] [src.pipeline.steps.imputers] MeanImputerStep fitted on 4 column(s): ['feature_1', 'feature_2', 'feature_3', 'feature_4']
[2026-06-11 15:40:50] [INFO    ] [src.pipeline.steps.imputers] MeanImputerStep: filled 22 null(s) in 'feature_1' (mean=0.0039)
[2026-06-11 15:40:50] [INFO    ] [src.pipeline.steps.imputers] MeanImputerStep: filled 18 null(s) in 'feature_2' (mean=-0.0916)
[2026-06-11 15:40:50] [INFO    ] [src.pipeline.engine] Fit step mean_impute          | (210, 6) -> (210, 6)
[2026-06-11 15:40:50] [INFO    ] [src.pipeline.steps.imputers] ModeImputerStep fitted on 2 column(s): ['gender', 'category']
[2026-06-11 15:40:50] [INFO    ] [src.pipeline.steps.imputers] ModeImputerStep: filled 23 null(s) in 'gender' (mode='female')
[2026-06-11 15:40:50] [INFO    ] [src.pipeline.steps.imputers] ModeImputerStep: filled 25 null(s) in 'category' (mode='A')
[2026-06-11 15:40:50] [INFO    ] [src.pipeline.engine] Fit step mode_impute          | (210, 6) -> (210, 6)
[2026-06-11 15:40:50] [DEBUG   ] [src.pipeline.steps.encoders] OneHotEncoderStep fit: col='gender' categories=['female', 'male', 'other']
[2026-06-11 15:40:50] [DEBUG   ] [src.pipeline.steps.encoders] OneHotEncoderStep fit: col='category' categories=['A', 'B', 'C']
[2026-06-11 15:40:50] [INFO    ] [src.pipeline.steps.encoders] OneHotEncoderStep fitted on 2 column(s): ['gender', 'category']
[2026-06-11 15:40:50] [DEBUG   ] [src.pipeline.steps.encoders] OneHotEncoderStep: encoded 'gender' into 3 indicator column(s).
[2026-06-11 15:40:50] [DEBUG   ] [src.pipeline.steps.encoders] OneHotEncoderStep: encoded 'category' into 3 indicator column(s).
[2026-06-11 15:40:50] [INFO    ] [src.pipeline.engine] Fit step onehot_encode        | (210, 6) -> (210, 10)
[2026-06-11 15:40:50] [DEBUG   ] [src.pipeline.steps.scalers] StandardScalerStep fit: col='feature_1' mean=0.0039 std=0.9599
[2026-06-11 15:40:50] [DEBUG   ] [src.pipeline.steps.scalers] StandardScalerStep fit: col='feature_2' mean=-0.0916 std=0.9286
[2026-06-11 15:40:50] [DEBUG   ] [src.pipeline.steps.scalers] StandardScalerStep fit: col='feature_3' mean=5.0956 std=2.8588
[2026-06-11 15:40:50] [DEBUG   ] [src.pipeline.steps.scalers] StandardScalerStep fit: col='feature_4' mean=2.0571 std=1.4331
[2026-06-11 15:40:50] [DEBUG   ] [src.pipeline.steps.scalers] StandardScalerStep fit: col='gender_female' mean=0.4476 std=0.4972
[2026-06-11 15:40:50] [DEBUG   ] [src.pipeline.steps.scalers] StandardScalerStep fit: col='gender_male' mean=0.2714 std=0.4447
[2026-06-11 15:40:50] [DEBUG   ] [src.pipeline.steps.scalers] StandardScalerStep fit: col='gender_other' mean=0.2810 std=0.4495
[2026-06-11 15:40:50] [DEBUG   ] [src.pipeline.steps.scalers] StandardScalerStep fit: col='category_A' mean=0.4667 std=0.4989
[2026-06-11 15:40:50] [DEBUG   ] [src.pipeline.steps.scalers] StandardScalerStep fit: col='category_B' mean=0.2476 std=0.4316
[2026-06-11 15:40:50] [DEBUG   ] [src.pipeline.steps.scalers] StandardScalerStep fit: col='category_C' mean=0.2857 std=0.4518
[2026-06-11 15:40:50] [INFO    ] [src.pipeline.steps.scalers] StandardScalerStep fitted on 10 column(s): ['feature_1', 'feature_2', 'feature_3', 'feature_4', 'gender_female', 'gender_male', 'gender_other', 'category_A', 'category_B', 'category_C']
[2026-06-11 15:40:50] [INFO    ] [src.pipeline.engine] Fit step standard_scale       | (210, 10) -> (210, 10)
[2026-06-11 15:40:50] [INFO    ] [src.pipeline.engine] PipelineEngine fit complete.
[2026-06-11 15:40:50] [INFO    ] [src.pipeline.steps.column_ops] DropColumnsStep: dropped 1 column(s): ['id']
[2026-06-11 15:40:50] [DEBUG   ] [src.pipeline.engine] Transform step drop_columns         | (210, 7) -> (210, 6)
[2026-06-11 15:40:50] [INFO    ] [src.pipeline.steps.imputers] MeanImputerStep: filled 22 null(s) in 'feature_1' (mean=0.0039)
[2026-06-11 15:40:50] [INFO    ] [src.pipeline.steps.imputers] MeanImputerStep: filled 18 null(s) in 'feature_2' (mean=-0.0916)
[2026-06-11 15:40:50] [DEBUG   ] [src.pipeline.engine] Transform step mean_impute          | (210, 6) -> (210, 6)
[2026-06-11 15:40:50] [INFO    ] [src.pipeline.steps.imputers] ModeImputerStep: filled 23 null(s) in 'gender' (mode='female')
[2026-06-11 15:40:50] [INFO    ] [src.pipeline.steps.imputers] ModeImputerStep: filled 25 null(s) in 'category' (mode='A')
[2026-06-11 15:40:50] [DEBUG   ] [src.pipeline.engine] Transform step mode_impute          | (210, 6) -> (210, 6)
[2026-06-11 15:40:50] [DEBUG   ] [src.pipeline.steps.encoders] OneHotEncoderStep: encoded 'gender' into 3 indicator column(s).
[2026-06-11 15:40:50] [DEBUG   ] [src.pipeline.steps.encoders] OneHotEncoderStep: encoded 'category' into 3 indicator column(s).
[2026-06-11 15:40:50] [DEBUG   ] [src.pipeline.engine] Transform step onehot_encode        | (210, 6) -> (210, 10)
[2026-06-11 15:40:50] [DEBUG   ] [src.pipeline.engine] Transform step standard_scale       | (210, 10) -> (210, 10)
[2026-06-11 15:40:50] [INFO    ] [__main__] -- Step 4/7: Transforming X_val and X_test --
[2026-06-11 15:40:50] [INFO    ] [src.pipeline.steps.column_ops] DropColumnsStep: dropped 1 column(s): ['id']
[2026-06-11 15:40:50] [DEBUG   ] [src.pipeline.engine] Transform step drop_columns         | (30, 7) -> (30, 6)
[2026-06-11 15:40:50] [INFO    ] [src.pipeline.steps.imputers] MeanImputerStep: filled 2 null(s) in 'feature_1' (mean=0.0039)
[2026-06-11 15:40:50] [INFO    ] [src.pipeline.steps.imputers] MeanImputerStep: filled 1 null(s) in 'feature_2' (mean=-0.0916)
[2026-06-11 15:40:50] [DEBUG   ] [src.pipeline.engine] Transform step mean_impute          | (30, 6) -> (30, 6)
[2026-06-11 15:40:50] [INFO    ] [src.pipeline.steps.imputers] ModeImputerStep: filled 3 null(s) in 'gender' (mode='female')
[2026-06-11 15:40:50] [INFO    ] [src.pipeline.steps.imputers] ModeImputerStep: filled 3 null(s) in 'category' (mode='A')
[2026-06-11 15:40:50] [DEBUG   ] [src.pipeline.engine] Transform step mode_impute          | (30, 6) -> (30, 6)
[2026-06-11 15:40:50] [DEBUG   ] [src.pipeline.steps.encoders] OneHotEncoderStep: encoded 'gender' into 3 indicator column(s).
[2026-06-11 15:40:50] [DEBUG   ] [src.pipeline.steps.encoders] OneHotEncoderStep: encoded 'category' into 3 indicator column(s).
[2026-06-11 15:40:50] [DEBUG   ] [src.pipeline.engine] Transform step onehot_encode        | (30, 6) -> (30, 10)
[2026-06-11 15:40:50] [DEBUG   ] [src.pipeline.engine] Transform step standard_scale       | (30, 10) -> (30, 10)
[2026-06-11 15:40:50] [INFO    ] [src.pipeline.steps.column_ops] DropColumnsStep: dropped 1 column(s): ['id']
[2026-06-11 15:40:50] [DEBUG   ] [src.pipeline.engine] Transform step drop_columns         | (60, 7) -> (60, 6)
[2026-06-11 15:40:50] [INFO    ] [src.pipeline.steps.imputers] MeanImputerStep: filled 7 null(s) in 'feature_1' (mean=0.0039)
[2026-06-11 15:40:50] [INFO    ] [src.pipeline.steps.imputers] MeanImputerStep: filled 3 null(s) in 'feature_2' (mean=-0.0916)
[2026-06-11 15:40:50] [DEBUG   ] [src.pipeline.engine] Transform step mean_impute          | (60, 6) -> (60, 6)
[2026-06-11 15:40:50] [INFO    ] [src.pipeline.steps.imputers] ModeImputerStep: filled 6 null(s) in 'gender' (mode='female')
[2026-06-11 15:40:50] [INFO    ] [src.pipeline.steps.imputers] ModeImputerStep: filled 11 null(s) in 'category' (mode='A')
[2026-06-11 15:40:50] [DEBUG   ] [src.pipeline.engine] Transform step mode_impute          | (60, 6) -> (60, 6)
[2026-06-11 15:40:50] [DEBUG   ] [src.pipeline.steps.encoders] OneHotEncoderStep: encoded 'gender' into 3 indicator column(s).
[2026-06-11 15:40:50] [DEBUG   ] [src.pipeline.steps.encoders] OneHotEncoderStep: encoded 'category' into 3 indicator column(s).
[2026-06-11 15:40:50] [DEBUG   ] [src.pipeline.engine] Transform step onehot_encode        | (60, 6) -> (60, 10)
[2026-06-11 15:40:50] [DEBUG   ] [src.pipeline.engine] Transform step standard_scale       | (60, 10) -> (60, 10)
[2026-06-11 15:40:50] [INFO    ] [src.pipeline.steps.column_ops] DropColumnsStep: dropped 1 column(s): ['id']
[2026-06-11 15:40:50] [INFO    ] [src.pipeline.steps.imputers] MeanImputerStep: filled 22 null(s) in 'feature_1' (mean=0.0039)
[2026-06-11 15:40:50] [INFO    ] [src.pipeline.steps.imputers] MeanImputerStep: filled 18 null(s) in 'feature_2' (mean=-0.0916)
[2026-06-11 15:40:50] [INFO    ] [src.pipeline.steps.imputers] ModeImputerStep: filled 23 null(s) in 'gender' (mode='female')
[2026-06-11 15:40:50] [INFO    ] [src.pipeline.steps.imputers] ModeImputerStep: filled 25 null(s) in 'category' (mode='A')
[2026-06-11 15:40:50] [DEBUG   ] [src.pipeline.steps.encoders] OneHotEncoderStep: encoded 'gender' into 3 indicator column(s).
[2026-06-11 15:40:50] [DEBUG   ] [src.pipeline.steps.encoders] OneHotEncoderStep: encoded 'category' into 3 indicator column(s).
[2026-06-11 15:40:50] [INFO    ] [__main__] -- Step 5/7: Training model --
[2026-06-11 15:40:50] [INFO    ] [src.models.trainer] Initialised model: LogisticRegression (params={})
[2026-06-11 15:40:50] [INFO    ] [src.models.trainer] Training LogisticRegression on 210 samples…
[2026-06-11 15:40:50] [INFO    ] [src.models.trainer] Training complete.
[2026-06-11 15:40:50] [INFO    ] [src.models.trainer] Model saved to 'outputs\model.joblib'.
[2026-06-11 15:40:50] [INFO    ] [__main__] -- Step 6/7: Evaluating model --
[2026-06-11 15:40:50] [INFO    ] [src.models.evaluator] Evaluation (classification): {'task': 'classification', 'accuracy': 0.383333, 'f1_weighted': 0.383162, 'precision_weighted': 0.383204, 'recall_weighted': 0.383333, 'confusion_matrix': [[12, 18], [19, 11]]}
[2026-06-11 15:40:50] [INFO    ] [__main__] -- Step 7/7: Saving report --
[2026-06-11 15:40:50] [INFO    ] [src.models.evaluator] Metrics report saved to 'outputs\report.json'.
[2026-06-11 15:44:04] [INFO    ] [src.pipeline.engine] PipelineEngine fitting 1 step(s)…
[2026-06-11 15:44:04] [DEBUG   ] [src.pipeline.steps.scalers] StandardScalerStep fit: col='age' mean=30.0000 std=4.0825
[2026-06-11 15:44:04] [INFO    ] [src.pipeline.steps.scalers] StandardScalerStep fitted on 1 column(s): ['age']
[2026-06-11 15:44:04] [INFO    ] [src.pipeline.engine] Fit step standard_scale       | (3, 2) -> (3, 2)
[2026-06-11 15:44:04] [INFO    ] [src.pipeline.engine] PipelineEngine fit complete.
[2026-06-11 15:44:04] [DEBUG   ] [src.pipeline.engine] Transform step standard_scale       | (3, 2) -> (3, 2)
[2026-06-11 15:44:30] [INFO    ] [src.pipeline.engine] PipelineEngine fitting 1 step(s)…
[2026-06-11 15:44:30] [DEBUG   ] [src.pipeline.steps.scalers] StandardScalerStep fit: col='age' mean=30.0000 std=4.0825
[2026-06-11 15:44:30] [INFO    ] [src.pipeline.steps.scalers] StandardScalerStep fitted on 1 column(s): ['age']
[2026-06-11 15:44:30] [INFO    ] [src.pipeline.engine] Fit step standard_scale       | (3, 2) -> (3, 2)
[2026-06-11 15:44:30] [INFO    ] [src.pipeline.engine] PipelineEngine fit complete.
[2026-06-11 15:44:30] [DEBUG   ] [src.pipeline.engine] Transform step standard_scale       | (3, 2) -> (3, 2)
